Price,Time,Timestamp
0.0,2012-04-28-02-00-00,1335571200
0.0,2012-04-29-02-00-00,1335657600
0.0,2012-04-30-02-00-00,1335744000
0.0,2012-05-01-02-00-00,1335830400
0.0,2012-05-02-02-00-00,1335916800
0.0,2012-05-03-02-00-00,1336003200
0.0,2012-05-04-02-00-00,1336089600
0.0,2012-05-05-02-00-00,1336176000
0.0,2012-05-06-02-00-00,1336262400
0.0,2012-05-07-02-00-00,1336348800
0.0,2012-05-08-02-00-00,1336435200
0.0,2012-05-09-02-00-00,1336521600
0.0,2012-05-10-02-00-00,1336608000
0.0,2012-05-11-02-00-00,1336694400
0.0,2012-05-12-02-00-00,1336780800
0.0,2012-05-13-02-00-00,1336867200
0.0,2012-05-14-02-00-00,1336953600
0.0,2012-05-15-02-00-00,1337040000
0.0,2012-05-16-02-00-00,1337126400
0.0,2012-05-17-02-00-00,1337212800
0.0,2012-05-18-02-00-00,1337299200
0.0,2012-05-19-02-00-00,1337385600
0.0,2012-05-20-02-00-00,1337472000
0.0,2012-05-21-02-00-00,1337558400
0.0,2012-05-22-02-00-00,1337644800
0.0,2012-05-23-02-00-00,1337731200
0.0,2012-05-24-02-00-00,1337817600
0.0,2012-05-25-02-00-00,1337904000
0.0,2012-05-26-02-00-00,1337990400
0.0,2012-05-27-02-00-00,1338076800
0.0,2012-05-28-02-00-00,1338163200
0.0,2012-05-29-02-00-00,1338249600
0.0,2012-05-30-02-00-00,1338336000
0.0,2012-05-31-02-00-00,1338422400
0.0,2012-06-01-02-00-00,1338508800
0.0,2012-06-02-02-00-00,1338595200
0.0,2012-06-03-02-00-00,1338681600
0.0,2012-06-04-02-00-00,1338768000
0.0,2012-06-05-02-00-00,1338854400
0.0,2012-06-06-02-00-00,1338940800
0.0,2012-06-07-02-00-00,1339027200
0.0,2012-06-08-02-00-00,1339113600
0.0,2012-06-09-02-00-00,1339200000
0.0,2012-06-10-02-00-00,1339286400
0.0,2012-06-11-02-00-00,1339372800
0.0,2012-06-12-02-00-00,1339459200
0.0,2012-06-13-02-00-00,1339545600
0.0,2012-06-14-02-00-00,1339632000
0.0,2012-06-15-02-00-00,1339718400
0.0,2012-06-16-02-00-00,1339804800
0.0,2012-06-17-02-00-00,1339891200
0.0,2012-06-18-02-00-00,1339977600
0.0,2012-06-19-02-00-00,1340064000
0.0,2012-06-20-02-00-00,1340150400
0.0,2012-06-21-02-00-00,1340236800
0.0,2012-06-22-02-00-00,1340323200
0.0,2012-06-23-02-00-00,1340409600
0.0,2012-06-24-02-00-00,1340496000
0.0,2012-06-25-02-00-00,1340582400
0.0,2012-06-26-02-00-00,1340668800
0.0,2012-06-27-02-00-00,1340755200
0.0,2012-06-28-02-00-00,1340841600
0.0,2012-06-29-02-00-00,1340928000
0.0,2012-06-30-02-00-00,1341014400
0.0,2012-07-01-02-00-00,1341100800
0.0,2012-07-02-02-00-00,1341187200
0.0,2012-07-03-02-00-00,1341273600
0.0,2012-07-04-02-00-00,1341360000
0.0,2012-07-05-02-00-00,1341446400
0.0,2012-07-06-02-00-00,1341532800
0.0,2012-07-07-02-00-00,1341619200
0.0,2012-07-08-02-00-00,1341705600
0.0,2012-07-09-02-00-00,1341792000
0.0,2012-07-10-02-00-00,1341878400
0.0,2012-07-11-02-00-00,1341964800
0.0,2012-07-12-02-00-00,1342051200
0.0,2012-07-13-02-00-00,1342137600
0.0,2012-07-14-02-00-00,1342224000
0.0,2012-07-15-02-00-00,1342310400
0.0,2012-07-16-02-00-00,1342396800
0.0,2012-07-17-02-00-00,1342483200
0.0,2012-07-18-02-00-00,1342569600
0.0,2012-07-19-02-00-00,1342656000
0.0,2012-07-20-02-00-00,1342742400
0.0,2012-07-21-02-00-00,1342828800
0.0,2012-07-22-02-00-00,1342915200
0.0,2012-07-23-02-00-00,1343001600
0.0,2012-07-24-02-00-00,1343088000
0.0,2012-07-25-02-00-00,1343174400
0.0,2012-07-26-02-00-00,1343260800
0.0,2012-07-27-02-00-00,1343347200
0.0,2012-07-28-02-00-00,1343433600
0.0,2012-07-29-02-00-00,1343520000
0.0,2012-07-30-02-00-00,1343606400
0.0,2012-07-31-02-00-00,1343692800
0.0,2012-08-01-02-00-00,1343779200
0.0,2012-08-02-02-00-00,1343865600
0.0,2012-08-03-02-00-00,1343952000
0.0,2012-08-04-02-00-00,1344038400
0.0,2012-08-05-02-00-00,1344124800
0.0,2012-08-06-02-00-00,1344211200
0.0,2012-08-07-02-00-00,1344297600
0.0,2012-08-08-02-00-00,1344384000
0.0,2012-08-09-02-00-00,1344470400
0.0,2012-08-10-02-00-00,1344556800
0.0,2012-08-11-02-00-00,1344643200
0.0,2012-08-12-02-00-00,1344729600
0.0,2012-08-13-02-00-00,1344816000
0.0,2012-08-14-02-00-00,1344902400
0.0,2012-08-15-02-00-00,1344988800
0.0,2012-08-16-02-00-00,1345075200
0.0,2012-08-17-02-00-00,1345161600
0.0,2012-08-18-02-00-00,1345248000
0.0,2012-08-19-02-00-00,1345334400
0.0,2012-08-20-02-00-00,1345420800
0.0,2012-08-21-02-00-00,1345507200
0.0,2012-08-22-02-00-00,1345593600
0.0,2012-08-23-02-00-00,1345680000
0.0,2012-08-24-02-00-00,1345766400
0.0,2012-08-25-02-00-00,1345852800
0.0,2012-08-26-02-00-00,1345939200
0.0,2012-08-27-02-00-00,1346025600
0.0,2012-08-28-02-00-00,1346112000
0.0,2012-08-29-02-00-00,1346198400
0.0,2012-08-30-02-00-00,1346284800
0.0,2012-08-31-02-00-00,1346371200
0.0,2012-09-01-02-00-00,1346457600
0.0,2012-09-02-02-00-00,1346544000
0.0,2012-09-03-02-00-00,1346630400
0.0,2012-09-04-02-00-00,1346716800
0.0,2012-09-05-02-00-00,1346803200
0.0,2012-09-06-02-00-00,1346889600
0.0,2012-09-07-02-00-00,1346976000
0.0,2012-09-08-02-00-00,1347062400
0.0,2012-09-09-02-00-00,1347148800
0.0,2012-09-10-02-00-00,1347235200
0.0,2012-09-11-02-00-00,1347321600
0.0,2012-09-12-02-00-00,1347408000
0.0,2012-09-13-02-00-00,1347494400
0.0,2012-09-14-02-00-00,1347580800
0.0,2012-09-15-02-00-00,1347667200
0.0,2012-09-16-02-00-00,1347753600
0.0,2012-09-17-02-00-00,1347840000
0.0,2012-09-18-02-00-00,1347926400
0.0,2012-09-19-02-00-00,1348012800
0.0,2012-09-20-02-00-00,1348099200
0.0,2012-09-21-02-00-00,1348185600
0.0,2012-09-22-02-00-00,1348272000
0.0,2012-09-23-02-00-00,1348358400
0.0,2012-09-24-02-00-00,1348444800
0.0,2012-09-25-02-00-00,1348531200
0.0,2012-09-26-02-00-00,1348617600
0.0,2012-09-27-02-00-00,1348704000
0.0,2012-09-28-02-00-00,1348790400
0.0,2012-09-29-02-00-00,1348876800
0.0,2012-09-30-02-00-00,1348963200
0.0,2012-10-01-02-00-00,1349049600
0.0,2012-10-02-02-00-00,1349136000
0.0,2012-10-03-02-00-00,1349222400
0.0,2012-10-04-02-00-00,1349308800
0.0,2012-10-05-02-00-00,1349395200
0.0,2012-10-06-02-00-00,1349481600
0.0,2012-10-07-02-00-00,1349568000
0.0,2012-10-08-02-00-00,1349654400
0.0,2012-10-09-02-00-00,1349740800
0.0,2012-10-10-02-00-00,1349827200
0.0,2012-10-11-02-00-00,1349913600
0.0,2012-10-12-02-00-00,1350000000
0.0,2012-10-13-02-00-00,1350086400
0.0,2012-10-14-02-00-00,1350172800
0.0,2012-10-15-02-00-00,1350259200
0.0,2012-10-16-02-00-00,1350345600
0.0,2012-10-17-02-00-00,1350432000
0.0,2012-10-18-02-00-00,1350518400
0.0,2012-10-19-02-00-00,1350604800
0.0,2012-10-20-02-00-00,1350691200
0.0,2012-10-21-02-00-00,1350777600
0.0,2012-10-22-02-00-00,1350864000
0.0,2012-10-23-02-00-00,1350950400
0.0,2012-10-24-02-00-00,1351036800
0.0,2012-10-25-02-00-00,1351123200
0.0,2012-10-26-02-00-00,1351209600
0.0,2012-10-27-02-00-00,1351296000
0.0,2012-10-28-02-00-00,1351382400
0.0,2012-10-29-01-00-00,1351468800
0.0,2012-10-30-01-00-00,1351555200
0.0,2012-10-31-01-00-00,1351641600
0.0,2012-11-01-01-00-00,1351728000
0.0,2012-11-02-01-00-00,1351814400
0.0,2012-11-03-01-00-00,1351900800
0.0,2012-11-04-01-00-00,1351987200
0.0,2012-11-05-01-00-00,1352073600
0.0,2012-11-06-01-00-00,1352160000
0.0,2012-11-07-01-00-00,1352246400
0.0,2012-11-08-01-00-00,1352332800
0.0,2012-11-09-01-00-00,1352419200
0.0,2012-11-10-01-00-00,1352505600
0.0,2012-11-11-01-00-00,1352592000
0.0,2012-11-12-01-00-00,1352678400
0.0,2012-11-13-01-00-00,1352764800
0.0,2012-11-14-01-00-00,1352851200
0.0,2012-11-15-01-00-00,1352937600
0.0,2012-11-16-01-00-00,1353024000
0.0,2012-11-17-01-00-00,1353110400
0.0,2012-11-18-01-00-00,1353196800
0.0,2012-11-19-01-00-00,1353283200
0.0,2012-11-20-01-00-00,1353369600
0.0,2012-11-21-01-00-00,1353456000
0.0,2012-11-22-01-00-00,1353542400
0.0,2012-11-23-01-00-00,1353628800
0.0,2012-11-24-01-00-00,1353715200
0.0,2012-11-25-01-00-00,1353801600
0.0,2012-11-26-01-00-00,1353888000
0.0,2012-11-27-01-00-00,1353974400
0.0,2012-11-28-01-00-00,1354060800
0.0,2012-11-29-01-00-00,1354147200
0.0,2012-11-30-01-00-00,1354233600
0.0,2012-12-01-01-00-00,1354320000
0.0,2012-12-02-01-00-00,1354406400
0.0,2012-12-03-01-00-00,1354492800
0.0,2012-12-04-01-00-00,1354579200
0.0,2012-12-05-01-00-00,1354665600
0.0,2012-12-06-01-00-00,1354752000
0.0,2012-12-07-01-00-00,1354838400
0.0,2012-12-08-01-00-00,1354924800
0.0,2012-12-09-01-00-00,1355011200
0.0,2012-12-10-01-00-00,1355097600
0.0,2012-12-11-01-00-00,1355184000
0.0,2012-12-12-01-00-00,1355270400
0.0,2012-12-13-01-00-00,1355356800
0.0,2012-12-14-01-00-00,1355443200
0.0,2012-12-15-01-00-00,1355529600
0.0,2012-12-16-01-00-00,1355616000
0.0,2012-12-17-01-00-00,1355702400
0.0,2012-12-18-01-00-00,1355788800
0.0,2012-12-19-01-00-00,1355875200
0.0,2012-12-20-01-00-00,1355961600
0.0,2012-12-21-01-00-00,1356048000
0.0,2012-12-22-01-00-00,1356134400
0.0,2012-12-23-01-00-00,1356220800
0.0,2012-12-24-01-00-00,1356307200
0.0,2012-12-25-01-00-00,1356393600
0.0,2012-12-26-01-00-00,1356480000
0.0,2012-12-27-01-00-00,1356566400
0.0,2012-12-28-01-00-00,1356652800
0.0,2012-12-29-01-00-00,1356739200
0.0,2012-12-30-01-00-00,1356825600
0.0,2012-12-31-01-00-00,1356912000
0.0,2013-01-01-01-00-00,1356998400
0.0,2013-01-02-01-00-00,1357084800
0.0,2013-01-03-01-00-00,1357171200
0.0,2013-01-04-01-00-00,1357257600
0.0,2013-01-05-01-00-00,1357344000
0.0,2013-01-06-01-00-00,1357430400
0.0,2013-01-07-01-00-00,1357516800
0.0,2013-01-08-01-00-00,1357603200
0.0,2013-01-09-01-00-00,1357689600
0.0,2013-01-10-01-00-00,1357776000
0.0,2013-01-11-01-00-00,1357862400
0.0,2013-01-12-01-00-00,1357948800
0.0,2013-01-13-01-00-00,1358035200
0.0,2013-01-14-01-00-00,1358121600
0.0,2013-01-15-01-00-00,1358208000
0.0,2013-01-16-01-00-00,1358294400
0.0,2013-01-17-01-00-00,1358380800
0.0,2013-01-18-01-00-00,1358467200
0.0,2013-01-19-01-00-00,1358553600
0.0,2013-01-20-01-00-00,1358640000
0.0,2013-01-21-01-00-00,1358726400
0.0,2013-01-22-01-00-00,1358812800
0.0,2013-01-23-01-00-00,1358899200
0.0,2013-01-24-01-00-00,1358985600
0.0,2013-01-25-01-00-00,1359072000
0.0,2013-01-26-01-00-00,1359158400
0.0,2013-01-27-01-00-00,1359244800
0.0,2013-01-28-01-00-00,1359331200
0.0,2013-01-29-01-00-00,1359417600
0.0,2013-01-30-01-00-00,1359504000
0.0,2013-01-31-01-00-00,1359590400
0.0,2013-02-01-01-00-00,1359676800
0.0,2013-02-02-01-00-00,1359763200
0.0,2013-02-03-01-00-00,1359849600
0.0,2013-02-04-01-00-00,1359936000
0.0,2013-02-05-01-00-00,1360022400
0.0,2013-02-06-01-00-00,1360108800
0.0,2013-02-07-01-00-00,1360195200
0.0,2013-02-08-01-00-00,1360281600
0.0,2013-02-09-01-00-00,1360368000
0.0,2013-02-10-01-00-00,1360454400
0.0,2013-02-11-01-00-00,1360540800
0.0,2013-02-12-01-00-00,1360627200
0.0,2013-02-13-01-00-00,1360713600
0.0,2013-02-14-01-00-00,1360800000
0.0,2013-02-15-01-00-00,1360886400
0.0,2013-02-16-01-00-00,1360972800
0.0,2013-02-17-01-00-00,1361059200
0.0,2013-02-18-01-00-00,1361145600
0.0,2013-02-19-01-00-00,1361232000
0.0,2013-02-20-01-00-00,1361318400
0.0,2013-02-21-01-00-00,1361404800
0.0,2013-02-22-01-00-00,1361491200
0.0,2013-02-23-01-00-00,1361577600
0.0,2013-02-24-01-00-00,1361664000
0.0,2013-02-25-01-00-00,1361750400
0.0,2013-02-26-01-00-00,1361836800
0.0,2013-02-27-01-00-00,1361923200
0.0,2013-02-28-01-00-00,1362009600
0.0,2013-03-01-01-00-00,1362096000
0.0,2013-03-02-01-00-00,1362182400
0.0,2013-03-03-01-00-00,1362268800
0.0,2013-03-04-01-00-00,1362355200
0.0,2013-03-05-01-00-00,1362441600
0.0,2013-03-06-01-00-00,1362528000
0.0,2013-03-07-01-00-00,1362614400
0.0,2013-03-08-01-00-00,1362700800
0.0,2013-03-09-01-00-00,1362787200
0.0,2013-03-10-01-00-00,1362873600
0.0,2013-03-11-01-00-00,1362960000
0.0,2013-03-12-01-00-00,1363046400
0.0,2013-03-13-01-00-00,1363132800
0.0,2013-03-14-01-00-00,1363219200
0.0,2013-03-15-01-00-00,1363305600
0.0,2013-03-16-01-00-00,1363392000
0.0,2013-03-17-01-00-00,1363478400
0.0,2013-03-18-01-00-00,1363564800
0.0,2013-03-19-01-00-00,1363651200
0.0,2013-03-20-01-00-00,1363737600
0.0,2013-03-21-01-00-00,1363824000
0.0,2013-03-22-01-00-00,1363910400
0.0,2013-03-23-01-00-00,1363996800
0.0,2013-03-24-01-00-00,1364083200
0.0,2013-03-25-01-00-00,1364169600
0.0,2013-03-26-01-00-00,1364256000
0.0,2013-03-27-01-00-00,1364342400
0.0,2013-03-28-01-00-00,1364428800
0.0,2013-03-29-01-00-00,1364515200
0.0,2013-03-30-01-00-00,1364601600
0.0,2013-03-31-01-00-00,1364688000
0.0,2013-04-01-02-00-00,1364774400
0.0,2013-04-02-02-00-00,1364860800
0.0,2013-04-03-02-00-00,1364947200
0.0,2013-04-04-02-00-00,1365033600
0.0,2013-04-05-02-00-00,1365120000
0.0,2013-04-06-02-00-00,1365206400
0.0,2013-04-07-02-00-00,1365292800
0.0,2013-04-08-02-00-00,1365379200
0.0,2013-04-09-02-00-00,1365465600
0.0,2013-04-10-02-00-00,1365552000
0.0,2013-04-11-02-00-00,1365638400
0.0,2013-04-12-02-00-00,1365724800
0.0,2013-04-13-02-00-00,1365811200
0.0,2013-04-14-02-00-00,1365897600
0.0,2013-04-15-02-00-00,1365984000
0.0,2013-04-16-02-00-00,1366070400
0.0,2013-04-17-02-00-00,1366156800
0.0,2013-04-18-02-00-00,1366243200
0.0,2013-04-19-02-00-00,1366329600
0.0,2013-04-20-02-00-00,1366416000
0.0,2013-04-21-02-00-00,1366502400
0.0,2013-04-22-02-00-00,1366588800
0.0,2013-04-23-02-00-00,1366675200
0.0,2013-04-24-02-00-00,1366761600
0.0,2013-04-25-02-00-00,1366848000
0.0,2013-04-26-02-00-00,1366934400
0.0,2013-04-27-02-00-00,1367020800
0.0,2013-04-28-02-00-00,1367107200
0.0,2013-04-29-02-00-00,1367193600
0.0,2013-04-30-02-00-00,1367280000
0.0,2013-05-01-02-00-00,1367366400
0.0,2013-05-02-02-00-00,1367452800
0.0,2013-05-03-02-00-00,1367539200
0.0,2013-05-04-02-00-00,1367625600
0.0,2013-05-05-02-00-00,1367712000
0.0,2013-05-06-02-00-00,1367798400
0.0,2013-05-07-02-00-00,1367884800
0.0,2013-05-08-02-00-00,1367971200
0.0,2013-05-09-02-00-00,1368057600
0.0,2013-05-10-02-00-00,1368144000
0.0,2013-05-11-02-00-00,1368230400
0.0,2013-05-12-02-00-00,1368316800
0.0,2013-05-13-02-00-00,1368403200
0.0,2013-05-14-02-00-00,1368489600
0.0,2013-05-15-02-00-00,1368576000
0.0,2013-05-16-02-00-00,1368662400
0.0,2013-05-17-02-00-00,1368748800
0.0,2013-05-18-02-00-00,1368835200
0.0,2013-05-19-02-00-00,1368921600
0.0,2013-05-20-02-00-00,1369008000
0.0,2013-05-21-02-00-00,1369094400
0.0,2013-05-22-02-00-00,1369180800
0.0,2013-05-23-02-00-00,1369267200
0.0,2013-05-24-02-00-00,1369353600
0.0,2013-05-25-02-00-00,1369440000
0.0,2013-05-26-02-00-00,1369526400
0.0,2013-05-27-02-00-00,1369612800
0.0,2013-05-28-02-00-00,1369699200
0.0,2013-05-29-02-00-00,1369785600
0.0,2013-05-30-02-00-00,1369872000
0.0,2013-05-31-02-00-00,1369958400
0.0,2013-06-01-02-00-00,1370044800
0.0,2013-06-02-02-00-00,1370131200
0.0,2013-06-03-02-00-00,1370217600
0.0,2013-06-04-02-00-00,1370304000
0.0,2013-06-05-02-00-00,1370390400
0.0,2013-06-06-02-00-00,1370476800
0.0,2013-06-07-02-00-00,1370563200
0.0,2013-06-08-02-00-00,1370649600
0.0,2013-06-09-02-00-00,1370736000
0.0,2013-06-10-02-00-00,1370822400
0.0,2013-06-11-02-00-00,1370908800
0.0,2013-06-12-02-00-00,1370995200
0.0,2013-06-13-02-00-00,1371081600
0.0,2013-06-14-02-00-00,1371168000
0.0,2013-06-15-02-00-00,1371254400
0.0,2013-06-16-02-00-00,1371340800
0.0,2013-06-17-02-00-00,1371427200
0.0,2013-06-18-02-00-00,1371513600
0.0,2013-06-19-02-00-00,1371600000
0.0,2013-06-20-02-00-00,1371686400
0.0,2013-06-21-02-00-00,1371772800
0.0,2013-06-22-02-00-00,1371859200
0.0,2013-06-23-02-00-00,1371945600
0.0,2013-06-24-02-00-00,1372032000
0.0,2013-06-25-02-00-00,1372118400
0.0,2013-06-26-02-00-00,1372204800
0.0,2013-06-27-02-00-00,1372291200
0.0,2013-06-28-02-00-00,1372377600
0.0,2013-06-29-02-00-00,1372464000
0.0,2013-06-30-02-00-00,1372550400
0.0,2013-07-01-02-00-00,1372636800
0.0,2013-07-02-02-00-00,1372723200
0.0,2013-07-03-02-00-00,1372809600
0.0,2013-07-04-02-00-00,1372896000
0.0,2013-07-05-02-00-00,1372982400
0.0,2013-07-06-02-00-00,1373068800
0.0,2013-07-07-02-00-00,1373155200
0.0,2013-07-08-02-00-00,1373241600
0.0,2013-07-09-02-00-00,1373328000
0.0,2013-07-10-02-00-00,1373414400
0.0,2013-07-11-02-00-00,1373500800
0.0,2013-07-12-02-00-00,1373587200
0.0,2013-07-13-02-00-00,1373673600
0.0,2013-07-14-02-00-00,1373760000
0.0,2013-07-15-02-00-00,1373846400
0.0,2013-07-16-02-00-00,1373932800
0.0,2013-07-17-02-00-00,1374019200
0.0,2013-07-18-02-00-00,1374105600
0.0,2013-07-19-02-00-00,1374192000
0.0,2013-07-20-02-00-00,1374278400
0.0,2013-07-21-02-00-00,1374364800
0.0,2013-07-22-02-00-00,1374451200
0.0,2013-07-23-02-00-00,1374537600
0.0,2013-07-24-02-00-00,1374624000
0.0,2013-07-25-02-00-00,1374710400
0.0,2013-07-26-02-00-00,1374796800
0.0,2013-07-27-02-00-00,1374883200
0.0,2013-07-28-02-00-00,1374969600
0.0,2013-07-29-02-00-00,1375056000
0.0,2013-07-30-02-00-00,1375142400
0.0,2013-07-31-02-00-00,1375228800
0.0,2013-08-01-02-00-00,1375315200
0.0,2013-08-02-02-00-00,1375401600
0.0,2013-08-03-02-00-00,1375488000
0.0,2013-08-04-02-00-00,1375574400
0.0,2013-08-05-02-00-00,1375660800
0.0,2013-08-06-02-00-00,1375747200
0.0,2013-08-07-02-00-00,1375833600
0.0,2013-08-08-02-00-00,1375920000
0.0,2013-08-09-02-00-00,1376006400
0.0,2013-08-10-02-00-00,1376092800
0.0,2013-08-11-02-00-00,1376179200
0.0,2013-08-12-02-00-00,1376265600
0.0,2013-08-13-02-00-00,1376352000
0.0,2013-08-14-02-00-00,1376438400
0.0,2013-08-15-02-00-00,1376524800
0.0,2013-08-16-02-00-00,1376611200
0.0,2013-08-17-02-00-00,1376697600
0.0,2013-08-18-02-00-00,1376784000
0.0,2013-08-19-02-00-00,1376870400
0.0,2013-08-20-02-00-00,1376956800
0.0,2013-08-21-02-00-00,1377043200
0.0,2013-08-22-02-00-00,1377129600
0.0,2013-08-23-02-00-00,1377216000
0.0,2013-08-24-02-00-00,1377302400
0.0,2013-08-25-02-00-00,1377388800
0.0,2013-08-26-02-00-00,1377475200
0.0,2013-08-27-02-00-00,1377561600
0.0,2013-08-28-02-00-00,1377648000
0.0,2013-08-29-02-00-00,1377734400
0.0,2013-08-30-02-00-00,1377820800
0.0,2013-08-31-02-00-00,1377907200
0.0,2013-09-01-02-00-00,1377993600
0.0,2013-09-02-02-00-00,1378080000
0.0,2013-09-03-02-00-00,1378166400
0.0,2013-09-04-02-00-00,1378252800
0.0,2013-09-05-02-00-00,1378339200
0.0,2013-09-06-02-00-00,1378425600
0.0,2013-09-07-02-00-00,1378512000
0.0,2013-09-08-02-00-00,1378598400
0.0,2013-09-09-02-00-00,1378684800
0.0,2013-09-10-02-00-00,1378771200
0.0,2013-09-11-02-00-00,1378857600
0.0,2013-09-12-02-00-00,1378944000
0.0,2013-09-13-02-00-00,1379030400
0.0,2013-09-14-02-00-00,1379116800
0.0,2013-09-15-02-00-00,1379203200
0.0,2013-09-16-02-00-00,1379289600
0.0,2013-09-17-02-00-00,1379376000
0.0,2013-09-18-02-00-00,1379462400
0.0,2013-09-19-02-00-00,1379548800
0.0,2013-09-20-02-00-00,1379635200
0.0,2013-09-21-02-00-00,1379721600
0.0,2013-09-22-02-00-00,1379808000
0.0,2013-09-23-02-00-00,1379894400
0.0,2013-09-24-02-00-00,1379980800
0.0,2013-09-25-02-00-00,1380067200
0.0,2013-09-26-02-00-00,1380153600
0.0,2013-09-27-02-00-00,1380240000
0.0,2013-09-28-02-00-00,1380326400
0.0,2013-09-29-02-00-00,1380412800
0.0,2013-09-30-02-00-00,1380499200
0.0,2013-10-01-02-00-00,1380585600
0.0,2013-10-02-02-00-00,1380672000
0.0,2013-10-03-02-00-00,1380758400
0.0,2013-10-04-02-00-00,1380844800
0.0,2013-10-05-02-00-00,1380931200
0.0,2013-10-06-02-00-00,1381017600
0.0,2013-10-07-02-00-00,1381104000
0.0,2013-10-08-02-00-00,1381190400
0.0,2013-10-09-02-00-00,1381276800
0.0,2013-10-10-02-00-00,1381363200
0.0,2013-10-11-02-00-00,1381449600
0.0,2013-10-12-02-00-00,1381536000
0.0,2013-10-13-02-00-00,1381622400
0.0,2013-10-14-02-00-00,1381708800
0.0,2013-10-15-02-00-00,1381795200
0.0,2013-10-16-02-00-00,1381881600
0.0,2013-10-17-02-00-00,1381968000
0.0,2013-10-18-02-00-00,1382054400
0.0,2013-10-19-02-00-00,1382140800
0.0,2013-10-20-02-00-00,1382227200
0.0,2013-10-21-02-00-00,1382313600
0.0,2013-10-22-02-00-00,1382400000
0.0,2013-10-23-02-00-00,1382486400
0.0,2013-10-24-02-00-00,1382572800
0.0,2013-10-25-02-00-00,1382659200
0.0,2013-10-26-02-00-00,1382745600
0.0,2013-10-27-02-00-00,1382832000
0.0,2013-10-28-01-00-00,1382918400
0.0,2013-10-29-01-00-00,1383004800
0.0,2013-10-30-01-00-00,1383091200
0.0,2013-10-31-01-00-00,1383177600
0.0,2013-11-01-01-00-00,1383264000
0.0,2013-11-02-01-00-00,1383350400
0.0,2013-11-03-01-00-00,1383436800
0.0,2013-11-04-01-00-00,1383523200
0.0,2013-11-05-01-00-00,1383609600
0.0,2013-11-06-01-00-00,1383696000
0.0,2013-11-07-01-00-00,1383782400
0.0,2013-11-08-01-00-00,1383868800
0.0,2013-11-09-01-00-00,1383955200
0.0,2013-11-10-01-00-00,1384041600
0.0,2013-11-11-01-00-00,1384128000
0.0,2013-11-12-01-00-00,1384214400
0.0,2013-11-13-01-00-00,1384300800
0.0,2013-11-14-01-00-00,1384387200
0.0,2013-11-15-01-00-00,1384473600
0.0,2013-11-16-01-00-00,1384560000
0.0,2013-11-17-01-00-00,1384646400
0.0,2013-11-18-01-00-00,1384732800
0.0,2013-11-19-01-00-00,1384819200
0.0,2013-11-20-01-00-00,1384905600
0.0,2013-11-21-01-00-00,1384992000
0.0,2013-11-22-01-00-00,1385078400
0.0,2013-11-23-01-00-00,1385164800
0.0,2013-11-24-01-00-00,1385251200
0.0,2013-11-25-01-00-00,1385337600
0.0,2013-11-26-01-00-00,1385424000
0.0,2013-11-27-01-00-00,1385510400
0.0,2013-11-28-01-00-00,1385596800
0.0,2013-11-29-01-00-00,1385683200
0.0,2013-11-30-01-00-00,1385769600
0.0,2013-12-01-01-00-00,1385856000
0.0,2013-12-02-01-00-00,1385942400
0.0,2013-12-03-01-00-00,1386028800
0.0,2013-12-04-01-00-00,1386115200
0.0,2013-12-05-01-00-00,1386201600
0.0,2013-12-06-01-00-00,1386288000
0.0,2013-12-07-01-00-00,1386374400
0.0,2013-12-08-01-00-00,1386460800
0.0,2013-12-09-01-00-00,1386547200
0.0,2013-12-10-01-00-00,1386633600
0.0,2013-12-11-01-00-00,1386720000
0.0,2013-12-12-01-00-00,1386806400
0.0,2013-12-13-01-00-00,1386892800
0.0,2013-12-14-01-00-00,1386979200
0.0,2013-12-15-01-00-00,1387065600
0.0,2013-12-16-01-00-00,1387152000
0.0,2013-12-17-01-00-00,1387238400
0.0,2013-12-18-01-00-00,1387324800
0.0,2013-12-19-01-00-00,1387411200
0.0,2013-12-20-01-00-00,1387497600
0.0,2013-12-21-01-00-00,1387584000
0.0,2013-12-22-01-00-00,1387670400
0.0,2013-12-23-01-00-00,1387756800
0.0,2013-12-24-01-00-00,1387843200
0.0,2013-12-25-01-00-00,1387929600
0.0,2013-12-26-01-00-00,1388016000
0.0,2013-12-27-01-00-00,1388102400
0.0,2013-12-28-01-00-00,1388188800
0.0,2013-12-29-01-00-00,1388275200
0.0,2013-12-30-01-00-00,1388361600
0.0,2013-12-31-01-00-00,1388448000
0.0,2014-01-01-01-00-00,1388534400
0.0,2014-01-02-01-00-00,1388620800
0.0,2014-01-03-01-00-00,1388707200
0.0,2014-01-04-01-00-00,1388793600
0.0,2014-01-05-01-00-00,1388880000
0.0,2014-01-06-01-00-00,1388966400
0.0,2014-01-07-01-00-00,1389052800
0.0,2014-01-08-01-00-00,1389139200
0.0,2014-01-09-01-00-00,1389225600
0.0,2014-01-10-01-00-00,1389312000
0.0,2014-01-11-01-00-00,1389398400
0.0,2014-01-12-01-00-00,1389484800
0.0,2014-01-13-01-00-00,1389571200
0.0,2014-01-14-01-00-00,1389657600
0.0,2014-01-15-01-00-00,1389744000
0.0,2014-01-16-01-00-00,1389830400
0.0,2014-01-17-01-00-00,1389916800
0.0,2014-01-18-01-00-00,1390003200
0.0,2014-01-19-01-00-00,1390089600
0.0,2014-01-20-01-00-00,1390176000
0.0,2014-01-21-01-00-00,1390262400
0.0,2014-01-22-01-00-00,1390348800
0.0,2014-01-23-01-00-00,1390435200
0.0,2014-01-24-01-00-00,1390521600
0.0,2014-01-25-01-00-00,1390608000
0.0,2014-01-26-01-00-00,1390694400
0.0,2014-01-27-01-00-00,1390780800
0.0,2014-01-28-01-00-00,1390867200
0.0,2014-01-29-01-00-00,1390953600
0.0,2014-01-30-01-00-00,1391040000
0.0,2014-01-31-01-00-00,1391126400
0.0,2014-02-01-01-00-00,1391212800
0.0,2014-02-02-01-00-00,1391299200
0.0,2014-02-03-01-00-00,1391385600
0.0,2014-02-04-01-00-00,1391472000
0.0,2014-02-05-01-00-00,1391558400
0.0,2014-02-06-01-00-00,1391644800
0.0,2014-02-07-01-00-00,1391731200
0.0,2014-02-08-01-00-00,1391817600
0.0,2014-02-09-01-00-00,1391904000
0.0,2014-02-10-01-00-00,1391990400
0.0,2014-02-11-01-00-00,1392076800
0.0,2014-02-12-01-00-00,1392163200
0.0,2014-02-13-01-00-00,1392249600
0.0,2014-02-14-01-00-00,1392336000
0.0,2014-02-15-01-00-00,1392422400
0.0,2014-02-16-01-00-00,1392508800
0.0,2014-02-17-01-00-00,1392595200
0.0,2014-02-18-01-00-00,1392681600
0.0,2014-02-19-01-00-00,1392768000
0.0,2014-02-20-01-00-00,1392854400
0.0,2014-02-21-01-00-00,1392940800
0.0,2014-02-22-01-00-00,1393027200
0.0,2014-02-23-01-00-00,1393113600
0.0,2014-02-24-01-00-00,1393200000
0.0,2014-02-25-01-00-00,1393286400
0.0,2014-02-26-01-00-00,1393372800
0.0,2014-02-27-01-00-00,1393459200
0.0,2014-02-28-01-00-00,1393545600
0.0,2014-03-01-01-00-00,1393632000
0.0,2014-03-02-01-00-00,1393718400
0.0,2014-03-03-01-00-00,1393804800
0.0,2014-03-04-01-00-00,1393891200
0.0,2014-03-05-01-00-00,1393977600
0.0,2014-03-06-01-00-00,1394064000
0.0,2014-03-07-01-00-00,1394150400
0.0,2014-03-08-01-00-00,1394236800
0.0,2014-03-09-01-00-00,1394323200
0.0,2014-03-10-01-00-00,1394409600
0.0,2014-03-11-01-00-00,1394496000
0.0,2014-03-12-01-00-00,1394582400
0.0,2014-03-13-01-00-00,1394668800
0.0,2014-03-14-01-00-00,1394755200
0.0,2014-03-15-01-00-00,1394841600
0.0,2014-03-16-01-00-00,1394928000
0.0,2014-03-17-01-00-00,1395014400
0.0,2014-03-18-01-00-00,1395100800
0.0,2014-03-19-01-00-00,1395187200
0.0,2014-03-20-01-00-00,1395273600
0.0,2014-03-21-01-00-00,1395360000
0.0,2014-03-22-01-00-00,1395446400
0.0,2014-03-23-01-00-00,1395532800
0.0,2014-03-24-01-00-00,1395619200
0.0,2014-03-25-01-00-00,1395705600
0.0,2014-03-26-01-00-00,1395792000
0.0,2014-03-27-01-00-00,1395878400
0.0,2014-03-28-01-00-00,1395964800
0.0,2014-03-29-01-00-00,1396051200
0.0,2014-03-30-01-00-00,1396137600
0.0,2014-03-31-02-00-00,1396224000
0.0,2014-04-01-02-00-00,1396310400
0.0,2014-04-02-02-00-00,1396396800
0.0,2014-04-03-02-00-00,1396483200
0.0,2014-04-04-02-00-00,1396569600
0.0,2014-04-05-02-00-00,1396656000
0.0,2014-04-06-02-00-00,1396742400
0.0,2014-04-07-02-00-00,1396828800
0.0,2014-04-08-02-00-00,1396915200
0.0,2014-04-09-02-00-00,1397001600
0.0,2014-04-10-02-00-00,1397088000
0.0,2014-04-11-02-00-00,1397174400
0.0,2014-04-12-02-00-00,1397260800
0.0,2014-04-13-02-00-00,1397347200
0.0,2014-04-14-02-00-00,1397433600
0.0,2014-04-15-02-00-00,1397520000
0.0,2014-04-16-02-00-00,1397606400
0.0,2014-04-17-02-00-00,1397692800
0.0,2014-04-18-02-00-00,1397779200
0.0,2014-04-19-02-00-00,1397865600
0.0,2014-04-20-02-00-00,1397952000
0.0,2014-04-21-02-00-00,1398038400
0.0,2014-04-22-02-00-00,1398124800
0.0,2014-04-23-02-00-00,1398211200
0.0,2014-04-24-02-00-00,1398297600
0.0,2014-04-25-02-00-00,1398384000
0.0,2014-04-26-02-00-00,1398470400
0.0,2014-04-27-02-00-00,1398556800
0.0,2014-04-28-02-00-00,1398643200
0.0,2014-04-29-02-00-00,1398729600
0.0,2014-04-30-02-00-00,1398816000
0.0,2014-05-01-02-00-00,1398902400
0.0,2014-05-02-02-00-00,1398988800
0.0,2014-05-03-02-00-00,1399075200
0.0,2014-05-04-02-00-00,1399161600
0.0,2014-05-05-02-00-00,1399248000
0.0,2014-05-06-02-00-00,1399334400
0.0,2014-05-07-02-00-00,1399420800
0.0,2014-05-08-02-00-00,1399507200
0.0,2014-05-09-02-00-00,1399593600
0.0,2014-05-10-02-00-00,1399680000
0.0,2014-05-11-02-00-00,1399766400
0.0,2014-05-12-02-00-00,1399852800
0.0,2014-05-13-02-00-00,1399939200
0.0,2014-05-14-02-00-00,1400025600
0.0,2014-05-15-02-00-00,1400112000
0.0,2014-05-16-02-00-00,1400198400
0.0,2014-05-17-02-00-00,1400284800
0.0,2014-05-18-02-00-00,1400371200
0.0,2014-05-19-02-00-00,1400457600
0.0,2014-05-20-02-00-00,1400544000
0.0,2014-05-21-02-00-00,1400630400
0.0,2014-05-22-02-00-00,1400716800
0.0,2014-05-23-02-00-00,1400803200
0.0,2014-05-24-02-00-00,1400889600
0.0,2014-05-25-02-00-00,1400976000
0.0,2014-05-26-02-00-00,1401062400
0.0,2014-05-27-02-00-00,1401148800
0.0,2014-05-28-02-00-00,1401235200
0.0,2014-05-29-02-00-00,1401321600
0.0,2014-05-30-02-00-00,1401408000
0.0,2014-05-31-02-00-00,1401494400
0.0,2014-06-01-02-00-00,1401580800
0.0,2014-06-02-02-00-00,1401667200
0.0,2014-06-03-02-00-00,1401753600
0.0,2014-06-04-02-00-00,1401840000
0.0,2014-06-05-02-00-00,1401926400
0.0,2014-06-06-02-00-00,1402012800
0.0,2014-06-07-02-00-00,1402099200
0.0,2014-06-08-02-00-00,1402185600
0.0,2014-06-09-02-00-00,1402272000
0.0,2014-06-10-02-00-00,1402358400
0.0,2014-06-11-02-00-00,1402444800
0.0,2014-06-12-02-00-00,1402531200
0.0,2014-06-13-02-00-00,1402617600
0.0,2014-06-14-02-00-00,1402704000
0.0,2014-06-15-02-00-00,1402790400
0.0,2014-06-16-02-00-00,1402876800
0.0,2014-06-17-02-00-00,1402963200
0.0,2014-06-18-02-00-00,1403049600
0.0,2014-06-19-02-00-00,1403136000
0.0,2014-06-20-02-00-00,1403222400
0.0,2014-06-21-02-00-00,1403308800
0.0,2014-06-22-02-00-00,1403395200
0.0,2014-06-23-02-00-00,1403481600
0.0,2014-06-24-02-00-00,1403568000
0.0,2014-06-25-02-00-00,1403654400
0.0,2014-06-26-02-00-00,1403740800
0.0,2014-06-27-02-00-00,1403827200
0.0,2014-06-28-02-00-00,1403913600
0.0,2014-06-29-02-00-00,1404000000
0.0,2014-06-30-02-00-00,1404086400
0.0,2014-07-01-02-00-00,1404172800
0.0,2014-07-02-02-00-00,1404259200
0.0,2014-07-03-02-00-00,1404345600
0.0,2014-07-04-02-00-00,1404432000
0.0,2014-07-05-02-00-00,1404518400
0.0,2014-07-06-02-00-00,1404604800
0.0,2014-07-07-02-00-00,1404691200
0.0,2014-07-08-02-00-00,1404777600
0.0,2014-07-09-02-00-00,1404864000
0.0,2014-07-10-02-00-00,1404950400
0.0,2014-07-11-02-00-00,1405036800
0.0,2014-07-12-02-00-00,1405123200
0.0,2014-07-13-02-00-00,1405209600
0.0,2014-07-14-02-00-00,1405296000
0.0,2014-07-15-02-00-00,1405382400
0.0,2014-07-16-02-00-00,1405468800
0.0,2014-07-17-02-00-00,1405555200
0.0,2014-07-18-02-00-00,1405641600
0.0,2014-07-19-02-00-00,1405728000
0.0,2014-07-20-02-00-00,1405814400
0.0,2014-07-21-02-00-00,1405900800
0.0,2014-07-22-02-00-00,1405987200
0.0,2014-07-23-02-00-00,1406073600
0.0,2014-07-24-02-00-00,1406160000
0.0,2014-07-25-02-00-00,1406246400
0.0,2014-07-26-02-00-00,1406332800
0.0,2014-07-27-02-00-00,1406419200
0.0,2014-07-28-02-00-00,1406505600
0.0,2014-07-29-02-00-00,1406592000
0.0,2014-07-30-02-00-00,1406678400
0.0,2014-07-31-02-00-00,1406764800
0.0,2014-08-01-02-00-00,1406851200
0.0,2014-08-02-02-00-00,1406937600
0.0,2014-08-03-02-00-00,1407024000
0.0,2014-08-04-02-00-00,1407110400
0.0,2014-08-05-02-00-00,1407196800
0.0,2014-08-06-02-00-00,1407283200
0.0,2014-08-07-02-00-00,1407369600
0.0,2014-08-08-02-00-00,1407456000
0.0,2014-08-09-02-00-00,1407542400
0.0,2014-08-10-02-00-00,1407628800
0.0,2014-08-11-02-00-00,1407715200
0.0,2014-08-12-02-00-00,1407801600
0.0,2014-08-13-02-00-00,1407888000
0.0,2014-08-14-02-00-00,1407974400
0.0,2014-08-15-02-00-00,1408060800
0.0,2014-08-16-02-00-00,1408147200
0.0,2014-08-17-02-00-00,1408233600
0.0,2014-08-18-02-00-00,1408320000
0.0,2014-08-19-02-00-00,1408406400
0.0,2014-08-20-02-00-00,1408492800
0.0,2014-08-21-02-00-00,1408579200
0.0,2014-08-22-02-00-00,1408665600
0.0,2014-08-23-02-00-00,1408752000
0.0,2014-08-24-02-00-00,1408838400
0.0,2014-08-25-02-00-00,1408924800
0.0,2014-08-26-02-00-00,1409011200
0.0,2014-08-27-02-00-00,1409097600
0.0,2014-08-28-02-00-00,1409184000
0.0,2014-08-29-02-00-00,1409270400
0.0,2014-08-30-02-00-00,1409356800
0.0,2014-08-31-02-00-00,1409443200
0.0,2014-09-01-02-00-00,1409529600
0.0,2014-09-02-02-00-00,1409616000
0.0,2014-09-03-02-00-00,1409702400
0.0,2014-09-04-02-00-00,1409788800
0.0,2014-09-05-02-00-00,1409875200
0.0,2014-09-06-02-00-00,1409961600
0.0,2014-09-07-02-00-00,1410048000
0.0,2014-09-08-02-00-00,1410134400
0.0,2014-09-09-02-00-00,1410220800
0.0,2014-09-10-02-00-00,1410307200
0.0,2014-09-11-02-00-00,1410393600
0.0,2014-09-12-02-00-00,1410480000
0.0,2014-09-13-02-00-00,1410566400
0.0,2014-09-14-02-00-00,1410652800
0.0,2014-09-15-02-00-00,1410739200
0.0,2014-09-16-02-00-00,1410825600
0.0,2014-09-17-02-00-00,1410912000
0.0,2014-09-18-02-00-00,1410998400
0.0,2014-09-19-02-00-00,1411084800
0.0,2014-09-20-02-00-00,1411171200
0.0,2014-09-21-02-00-00,1411257600
0.0,2014-09-22-02-00-00,1411344000
0.0,2014-09-23-02-00-00,1411430400
0.0,2014-09-24-02-00-00,1411516800
0.0,2014-09-25-02-00-00,1411603200
0.0,2014-09-26-02-00-00,1411689600
0.0,2014-09-27-02-00-00,1411776000
0.0,2014-09-28-02-00-00,1411862400
0.0,2014-09-29-02-00-00,1411948800
0.0,2014-09-30-02-00-00,1412035200
0.0,2014-10-01-02-00-00,1412121600
0.0,2014-10-02-02-00-00,1412208000
0.0,2014-10-03-02-00-00,1412294400
0.0,2014-10-04-02-00-00,1412380800
0.0,2014-10-05-02-00-00,1412467200
0.0,2014-10-06-02-00-00,1412553600
0.0,2014-10-07-02-00-00,1412640000
0.0,2014-10-08-02-00-00,1412726400
0.0,2014-10-09-02-00-00,1412812800
0.0,2014-10-10-02-00-00,1412899200
0.0,2014-10-11-02-00-00,1412985600
0.0,2014-10-12-02-00-00,1413072000
0.0,2014-10-13-02-00-00,1413158400
0.0,2014-10-14-02-00-00,1413244800
0.0,2014-10-15-02-00-00,1413331200
0.0,2014-10-16-02-00-00,1413417600
0.0,2014-10-17-02-00-00,1413504000
0.0,2014-10-18-02-00-00,1413590400
0.0,2014-10-19-02-00-00,1413676800
0.0,2014-10-20-02-00-00,1413763200
0.0,2014-10-21-02-00-00,1413849600
0.0,2014-10-22-02-00-00,1413936000
0.0,2014-10-23-02-00-00,1414022400
0.0,2014-10-24-02-00-00,1414108800
0.0,2014-10-25-02-00-00,1414195200
0.0,2014-10-26-02-00-00,1414281600
0.0,2014-10-27-01-00-00,1414368000
0.0,2014-10-28-01-00-00,1414454400
0.0,2014-10-29-01-00-00,1414540800
0.0,2014-10-30-01-00-00,1414627200
0.0,2014-10-31-01-00-00,1414713600
0.0,2014-11-01-01-00-00,1414800000
0.0,2014-11-02-01-00-00,1414886400
0.0,2014-11-03-01-00-00,1414972800
0.0,2014-11-04-01-00-00,1415059200
0.0,2014-11-05-01-00-00,1415145600
0.0,2014-11-06-01-00-00,1415232000
0.0,2014-11-07-01-00-00,1415318400
0.0,2014-11-08-01-00-00,1415404800
0.0,2014-11-09-01-00-00,1415491200
0.0,2014-11-10-01-00-00,1415577600
0.0,2014-11-11-01-00-00,1415664000
0.0,2014-11-12-01-00-00,1415750400
0.0,2014-11-13-01-00-00,1415836800
0.0,2014-11-14-01-00-00,1415923200
0.0,2014-11-15-01-00-00,1416009600
0.0,2014-11-16-01-00-00,1416096000
0.0,2014-11-17-01-00-00,1416182400
0.0,2014-11-18-01-00-00,1416268800
0.0,2014-11-19-01-00-00,1416355200
0.0,2014-11-20-01-00-00,1416441600
0.0,2014-11-21-01-00-00,1416528000
0.0,2014-11-22-01-00-00,1416614400
0.0,2014-11-23-01-00-00,1416700800
0.0,2014-11-24-01-00-00,1416787200
0.0,2014-11-25-01-00-00,1416873600
0.0,2014-11-26-01-00-00,1416960000
0.0,2014-11-27-01-00-00,1417046400
0.0,2014-11-28-01-00-00,1417132800
0.0,2014-11-29-01-00-00,1417219200
0.0,2014-11-30-01-00-00,1417305600
0.0,2014-12-01-01-00-00,1417392000
0.0,2014-12-02-01-00-00,1417478400
0.0,2014-12-03-01-00-00,1417564800
0.0,2014-12-04-01-00-00,1417651200
0.0,2014-12-05-01-00-00,1417737600
0.0,2014-12-06-01-00-00,1417824000
0.0,2014-12-07-01-00-00,1417910400
0.0,2014-12-08-01-00-00,1417996800
0.0,2014-12-09-01-00-00,1418083200
0.0,2014-12-10-01-00-00,1418169600
0.0,2014-12-11-01-00-00,1418256000
0.0,2014-12-12-01-00-00,1418342400
0.0,2014-12-13-01-00-00,1418428800
0.0,2014-12-14-01-00-00,1418515200
0.0,2014-12-15-01-00-00,1418601600
0.0,2014-12-16-01-00-00,1418688000
0.0,2014-12-17-01-00-00,1418774400
0.0,2014-12-18-01-00-00,1418860800
0.0,2014-12-19-01-00-00,1418947200
0.0,2014-12-20-01-00-00,1419033600
0.0,2014-12-21-01-00-00,1419120000
0.0,2014-12-22-01-00-00,1419206400
0.0,2014-12-23-01-00-00,1419292800
0.0,2014-12-24-01-00-00,1419379200
0.0,2014-12-25-01-00-00,1419465600
0.0,2014-12-26-01-00-00,1419552000
0.0,2014-12-27-01-00-00,1419638400
0.0,2014-12-28-01-00-00,1419724800
0.0,2014-12-29-01-00-00,1419811200
0.0,2014-12-30-01-00-00,1419897600
0.0,2014-12-31-01-00-00,1419984000
0.0,2015-01-01-01-00-00,1420070400
0.0,2015-01-02-01-00-00,1420156800
0.0,2015-01-03-01-00-00,1420243200
0.0,2015-01-04-01-00-00,1420329600
0.0,2015-01-05-01-00-00,1420416000
0.0,2015-01-06-01-00-00,1420502400
0.0,2015-01-07-01-00-00,1420588800
0.0,2015-01-08-01-00-00,1420675200
0.0,2015-01-09-01-00-00,1420761600
0.0,2015-01-10-01-00-00,1420848000
0.0,2015-01-11-01-00-00,1420934400
0.0,2015-01-12-01-00-00,1421020800
0.0,2015-01-13-01-00-00,1421107200
0.0,2015-01-14-01-00-00,1421193600
0.0,2015-01-15-01-00-00,1421280000
0.0,2015-01-16-01-00-00,1421366400
0.0,2015-01-17-01-00-00,1421452800
0.0,2015-01-18-01-00-00,1421539200
0.0,2015-01-19-01-00-00,1421625600
0.0,2015-01-20-01-00-00,1421712000
0.0,2015-01-21-01-00-00,1421798400
0.0,2015-01-22-01-00-00,1421884800
0.0,2015-01-23-01-00-00,1421971200
0.0,2015-01-24-01-00-00,1422057600
0.0,2015-01-25-01-00-00,1422144000
0.0,2015-01-26-01-00-00,1422230400
0.0,2015-01-27-01-00-00,1422316800
0.0,2015-01-28-01-00-00,1422403200
0.0,2015-01-29-01-00-00,1422489600
0.0,2015-01-30-01-00-00,1422576000
0.0,2015-01-31-01-00-00,1422662400
0.0,2015-02-01-01-00-00,1422748800
0.0,2015-02-02-01-00-00,1422835200
0.0,2015-02-03-01-00-00,1422921600
0.0,2015-02-04-01-00-00,1423008000
0.0,2015-02-05-01-00-00,1423094400
0.0,2015-02-06-01-00-00,1423180800
0.0,2015-02-07-01-00-00,1423267200
0.0,2015-02-08-01-00-00,1423353600
0.0,2015-02-09-01-00-00,1423440000
0.0,2015-02-10-01-00-00,1423526400
0.0,2015-02-11-01-00-00,1423612800
0.0,2015-02-12-01-00-00,1423699200
0.0,2015-02-13-01-00-00,1423785600
0.0,2015-02-14-01-00-00,1423872000
0.0,2015-02-15-01-00-00,1423958400
0.0,2015-02-16-01-00-00,1424044800
0.0,2015-02-17-01-00-00,1424131200
0.0,2015-02-18-01-00-00,1424217600
0.0,2015-02-19-01-00-00,1424304000
0.0,2015-02-20-01-00-00,1424390400
0.0,2015-02-21-01-00-00,1424476800
0.0,2015-02-22-01-00-00,1424563200
0.0,2015-02-23-01-00-00,1424649600
0.0,2015-02-24-01-00-00,1424736000
0.0,2015-02-25-01-00-00,1424822400
0.0,2015-02-26-01-00-00,1424908800
0.0,2015-02-27-01-00-00,1424995200
0.0,2015-02-28-01-00-00,1425081600
0.0,2015-03-01-01-00-00,1425168000
0.0,2015-03-02-01-00-00,1425254400
0.0,2015-03-03-01-00-00,1425340800
0.0,2015-03-04-01-00-00,1425427200
0.0,2015-03-05-01-00-00,1425513600
0.0,2015-03-06-01-00-00,1425600000
0.0,2015-03-07-01-00-00,1425686400
0.0,2015-03-08-01-00-00,1425772800
0.0,2015-03-09-01-00-00,1425859200
0.0,2015-03-10-01-00-00,1425945600
0.0,2015-03-11-01-00-00,1426032000
0.0,2015-03-12-01-00-00,1426118400
0.0,2015-03-13-01-00-00,1426204800
0.0,2015-03-14-01-00-00,1426291200
0.0,2015-03-15-01-00-00,1426377600
0.0,2015-03-16-01-00-00,1426464000
0.0,2015-03-17-01-00-00,1426550400
0.0,2015-03-18-01-00-00,1426636800
0.0,2015-03-19-01-00-00,1426723200
0.0,2015-03-20-01-00-00,1426809600
0.0,2015-03-21-01-00-00,1426896000
0.0,2015-03-22-01-00-00,1426982400
0.0,2015-03-23-01-00-00,1427068800
0.0,2015-03-24-01-00-00,1427155200
0.0,2015-03-25-01-00-00,1427241600
0.0,2015-03-26-01-00-00,1427328000
0.0,2015-03-27-01-00-00,1427414400
0.0,2015-03-28-01-00-00,1427500800
0.0,2015-03-29-01-00-00,1427587200
0.0,2015-03-30-02-00-00,1427673600
0.0,2015-03-31-02-00-00,1427760000
0.0,2015-04-01-02-00-00,1427846400
0.0,2015-04-02-02-00-00,1427932800
0.0,2015-04-03-02-00-00,1428019200
0.0,2015-04-04-02-00-00,1428105600
0.0,2015-04-05-02-00-00,1428192000
0.0,2015-04-06-02-00-00,1428278400
0.0,2015-04-07-02-00-00,1428364800
0.0,2015-04-08-02-00-00,1428451200
0.0,2015-04-09-02-00-00,1428537600
0.0,2015-04-10-02-00-00,1428624000
0.0,2015-04-11-02-00-00,1428710400
0.0,2015-04-12-02-00-00,1428796800
0.0,2015-04-13-02-00-00,1428883200
0.0,2015-04-14-02-00-00,1428969600
0.0,2015-04-15-02-00-00,1429056000
0.0,2015-04-16-02-00-00,1429142400
0.0,2015-04-17-02-00-00,1429228800
0.0,2015-04-18-02-00-00,1429315200
0.0,2015-04-19-02-00-00,1429401600
0.0,2015-04-20-02-00-00,1429488000
0.0,2015-04-21-02-00-00,1429574400
0.0,2015-04-22-02-00-00,1429660800
0.0,2015-04-23-02-00-00,1429747200
0.0,2015-04-24-02-00-00,1429833600
0.0,2015-04-25-02-00-00,1429920000
0.0,2015-04-26-02-00-00,1430006400
0.0,2015-04-27-02-00-00,1430092800
0.0,2015-04-28-02-00-00,1430179200
0.0,2015-04-29-02-00-00,1430265600
0.0,2015-04-30-02-00-00,1430352000
0.0,2015-05-01-02-00-00,1430438400
0.0,2015-05-02-02-00-00,1430524800
0.0,2015-05-03-02-00-00,1430611200
0.0,2015-05-04-02-00-00,1430697600
0.0,2015-05-05-02-00-00,1430784000
0.0,2015-05-06-02-00-00,1430870400
0.0,2015-05-07-02-00-00,1430956800
0.0,2015-05-08-02-00-00,1431043200
0.0,2015-05-09-02-00-00,1431129600
0.0,2015-05-10-02-00-00,1431216000
0.0,2015-05-11-02-00-00,1431302400
0.0,2015-05-12-02-00-00,1431388800
0.0,2015-05-13-02-00-00,1431475200
0.0,2015-05-14-02-00-00,1431561600
0.0,2015-05-15-02-00-00,1431648000
0.0,2015-05-16-02-00-00,1431734400
0.0,2015-05-17-02-00-00,1431820800
0.0,2015-05-18-02-00-00,1431907200
0.0,2015-05-19-02-00-00,1431993600
0.0,2015-05-20-02-00-00,1432080000
0.0,2015-05-21-02-00-00,1432166400
0.0,2015-05-22-02-00-00,1432252800
0.0,2015-05-23-02-00-00,1432339200
0.0,2015-05-24-02-00-00,1432425600
0.0,2015-05-25-02-00-00,1432512000
0.0,2015-05-26-02-00-00,1432598400
0.0,2015-05-27-02-00-00,1432684800
0.0,2015-05-28-02-00-00,1432771200
0.0,2015-05-29-02-00-00,1432857600
0.0,2015-05-30-02-00-00,1432944000
0.0,2015-05-31-02-00-00,1433030400
0.0,2015-06-01-02-00-00,1433116800
0.0,2015-06-02-02-00-00,1433203200
0.0,2015-06-03-02-00-00,1433289600
0.0,2015-06-04-02-00-00,1433376000
0.0,2015-06-05-02-00-00,1433462400
0.0,2015-06-06-02-00-00,1433548800
0.0,2015-06-07-02-00-00,1433635200
0.0,2015-06-08-02-00-00,1433721600
0.0,2015-06-09-02-00-00,1433808000
0.0,2015-06-10-02-00-00,1433894400
0.0,2015-06-11-02-00-00,1433980800
0.0,2015-06-12-02-00-00,1434067200
0.0,2015-06-13-02-00-00,1434153600
0.0,2015-06-14-02-00-00,1434240000
0.0,2015-06-15-02-00-00,1434326400
0.0,2015-06-16-02-00-00,1434412800
0.0,2015-06-17-02-00-00,1434499200
0.0,2015-06-18-02-00-00,1434585600
0.0,2015-06-19-02-00-00,1434672000
0.0,2015-06-20-02-00-00,1434758400
0.0,2015-06-21-02-00-00,1434844800
0.0,2015-06-22-02-00-00,1434931200
0.0,2015-06-23-02-00-00,1435017600
0.0,2015-06-24-02-00-00,1435104000
0.0,2015-06-25-02-00-00,1435190400
0.0,2015-06-26-02-00-00,1435276800
0.0,2015-06-27-02-00-00,1435363200
0.0,2015-06-28-02-00-00,1435449600
0.0,2015-06-29-02-00-00,1435536000
0.0,2015-06-30-02-00-00,1435622400
0.0,2015-07-01-02-00-00,1435708800
0.0,2015-07-02-02-00-00,1435795200
0.0,2015-07-03-02-00-00,1435881600
0.0,2015-07-04-02-00-00,1435968000
0.0,2015-07-05-02-00-00,1436054400
0.0,2015-07-06-02-00-00,1436140800
0.0,2015-07-07-02-00-00,1436227200
0.0,2015-07-08-02-00-00,1436313600
0.0,2015-07-09-02-00-00,1436400000
0.0,2015-07-10-02-00-00,1436486400
0.0,2015-07-11-02-00-00,1436572800
0.0,2015-07-12-02-00-00,1436659200
0.0,2015-07-13-02-00-00,1436745600
0.0,2015-07-14-02-00-00,1436832000
0.0,2015-07-15-02-00-00,1436918400
0.0,2015-07-16-02-00-00,1437004800
0.0,2015-07-17-02-00-00,1437091200
0.0,2015-07-18-02-00-00,1437177600
0.0,2015-07-19-02-00-00,1437264000
0.0,2015-07-20-02-00-00,1437350400
0.0,2015-07-21-02-00-00,1437436800
0.0,2015-07-22-02-00-00,1437523200
0.0,2015-07-23-02-00-00,1437609600
0.0,2015-07-24-02-00-00,1437696000
0.0,2015-07-25-02-00-00,1437782400
0.0,2015-07-26-02-00-00,1437868800
0.0,2015-07-27-02-00-00,1437955200
0.0,2015-07-28-02-00-00,1438041600
0.0,2015-07-29-02-00-00,1438128000
0.0,2015-07-30-02-00-00,1438214400
0.0,2015-07-31-02-00-00,1438300800
0.0,2015-08-01-02-00-00,1438387200
0.0,2015-08-02-02-00-00,1438473600
0.0,2015-08-03-02-00-00,1438560000
0.0,2015-08-04-02-00-00,1438646400
0.0,2015-08-05-02-00-00,1438732800
0.0,2015-08-06-02-00-00,1438819200
0.0,2015-08-07-02-00-00,1438905600
0.0,2015-08-08-02-00-00,1438992000
0.0,2015-08-09-02-00-00,1439078400
0.0,2015-08-10-02-00-00,1439164800
0.0,2015-08-11-02-00-00,1439251200
0.0,2015-08-12-02-00-00,1439337600
0.0,2015-08-13-02-00-00,1439424000
0.0,2015-08-14-02-00-00,1439510400
0.0,2015-08-15-02-00-00,1439596800
0.0,2015-08-16-02-00-00,1439683200
0.0,2015-08-17-02-00-00,1439769600
0.0,2015-08-18-02-00-00,1439856000
0.0,2015-08-19-02-00-00,1439942400
0.0,2015-08-20-02-00-00,1440028800
0.0,2015-08-21-02-00-00,1440115200
0.0,2015-08-22-02-00-00,1440201600
0.0,2015-08-23-02-00-00,1440288000
0.0,2015-08-24-02-00-00,1440374400
0.0,2015-08-25-02-00-00,1440460800
0.0,2015-08-26-02-00-00,1440547200
0.0,2015-08-27-02-00-00,1440633600
0.0,2015-08-28-02-00-00,1440720000
0.0,2015-08-29-02-00-00,1440806400
0.0,2015-08-30-02-00-00,1440892800
0.0,2015-08-31-02-00-00,1440979200
0.0,2015-09-01-02-00-00,1441065600
0.0,2015-09-02-02-00-00,1441152000
0.0,2015-09-03-02-00-00,1441238400
0.0,2015-09-04-02-00-00,1441324800
0.0,2015-09-05-02-00-00,1441411200
0.0,2015-09-06-02-00-00,1441497600
0.0,2015-09-07-02-00-00,1441584000
0.0,2015-09-08-02-00-00,1441670400
0.0,2015-09-09-02-00-00,1441756800
0.0,2015-09-10-02-00-00,1441843200
0.0,2015-09-11-02-00-00,1441929600
0.0,2015-09-12-02-00-00,1442016000
0.0,2015-09-13-02-00-00,1442102400
0.0,2015-09-14-02-00-00,1442188800
0.0,2015-09-15-02-00-00,1442275200
0.0,2015-09-16-02-00-00,1442361600
0.0,2015-09-17-02-00-00,1442448000
0.0,2015-09-18-02-00-00,1442534400
0.0,2015-09-19-02-00-00,1442620800
0.0,2015-09-20-02-00-00,1442707200
0.0,2015-09-21-02-00-00,1442793600
0.0,2015-09-22-02-00-00,1442880000
0.0,2015-09-23-02-00-00,1442966400
0.0,2015-09-24-02-00-00,1443052800
0.0,2015-09-25-02-00-00,1443139200
0.0,2015-09-26-02-00-00,1443225600
0.0,2015-09-27-02-00-00,1443312000
0.0,2015-09-28-02-00-00,1443398400
0.0,2015-09-29-02-00-00,1443484800
0.0,2015-09-30-02-00-00,1443571200
0.0,2015-10-01-02-00-00,1443657600
0.0,2015-10-02-02-00-00,1443744000
0.0,2015-10-03-02-00-00,1443830400
0.0,2015-10-04-02-00-00,1443916800
0.0,2015-10-05-02-00-00,1444003200
0.0,2015-10-06-02-00-00,1444089600
0.0,2015-10-07-02-00-00,1444176000
0.0,2015-10-08-02-00-00,1444262400
0.0,2015-10-09-02-00-00,1444348800
0.0,2015-10-10-02-00-00,1444435200
0.0,2015-10-11-02-00-00,1444521600
0.0,2015-10-12-02-00-00,1444608000
0.0,2015-10-13-02-00-00,1444694400
0.0,2015-10-14-02-00-00,1444780800
0.0,2015-10-15-02-00-00,1444867200
0.0,2015-10-16-02-00-00,1444953600
0.0,2015-10-17-02-00-00,1445040000
0.0,2015-10-18-02-00-00,1445126400
0.0,2015-10-19-02-00-00,1445212800
0.0,2015-10-20-02-00-00,1445299200
0.0,2015-10-21-02-00-00,1445385600
0.0,2015-10-22-02-00-00,1445472000
0.0,2015-10-23-02-00-00,1445558400
0.0,2015-10-24-02-00-00,1445644800
0.0,2015-10-25-02-00-00,1445731200
0.0,2015-10-26-01-00-00,1445817600
0.0,2015-10-27-01-00-00,1445904000
0.0,2015-10-28-01-00-00,1445990400
0.0,2015-10-29-01-00-00,1446076800
0.0,2015-10-30-01-00-00,1446163200
0.0,2015-10-31-01-00-00,1446249600
0.0,2015-11-01-01-00-00,1446336000
0.0,2015-11-02-01-00-00,1446422400
0.0,2015-11-03-01-00-00,1446508800
0.0,2015-11-04-01-00-00,1446595200
0.0,2015-11-05-01-00-00,1446681600
0.0,2015-11-06-01-00-00,1446768000
0.0,2015-11-07-01-00-00,1446854400
0.0,2015-11-08-01-00-00,1446940800
0.0,2015-11-09-01-00-00,1447027200
0.0,2015-11-10-01-00-00,1447113600
0.0,2015-11-11-01-00-00,1447200000
0.0,2015-11-12-01-00-00,1447286400
0.0,2015-11-13-01-00-00,1447372800
0.0,2015-11-14-01-00-00,1447459200
0.0,2015-11-15-01-00-00,1447545600
0.0,2015-11-16-01-00-00,1447632000
0.0,2015-11-17-01-00-00,1447718400
0.0,2015-11-18-01-00-00,1447804800
0.0,2015-11-19-01-00-00,1447891200
0.0,2015-11-20-01-00-00,1447977600
0.0,2015-11-21-01-00-00,1448064000
0.0,2015-11-22-01-00-00,1448150400
0.0,2015-11-23-01-00-00,1448236800
0.0,2015-11-24-01-00-00,1448323200
0.0,2015-11-25-01-00-00,1448409600
0.0,2015-11-26-01-00-00,1448496000
0.0,2015-11-27-01-00-00,1448582400
0.0,2015-11-28-01-00-00,1448668800
0.0,2015-11-29-01-00-00,1448755200
0.0,2015-11-30-01-00-00,1448841600
0.0,2015-12-01-01-00-00,1448928000
0.0,2015-12-02-01-00-00,1449014400
0.0,2015-12-03-01-00-00,1449100800
0.0,2015-12-04-01-00-00,1449187200
0.0,2015-12-05-01-00-00,1449273600
0.0,2015-12-06-01-00-00,1449360000
0.0,2015-12-07-01-00-00,1449446400
0.0,2015-12-08-01-00-00,1449532800
0.0,2015-12-09-01-00-00,1449619200
0.0,2015-12-10-01-00-00,1449705600
0.0,2015-12-11-01-00-00,1449792000
0.0,2015-12-12-01-00-00,1449878400
0.0,2015-12-13-01-00-00,1449964800
0.0,2015-12-14-01-00-00,1450051200
0.0,2015-12-15-01-00-00,1450137600
0.0,2015-12-16-01-00-00,1450224000
0.0,2015-12-17-01-00-00,1450310400
0.0,2015-12-18-01-00-00,1450396800
0.0,2015-12-19-01-00-00,1450483200
0.0,2015-12-20-01-00-00,1450569600
0.0,2015-12-21-01-00-00,1450656000
0.0,2015-12-22-01-00-00,1450742400
0.0,2015-12-23-01-00-00,1450828800
0.0,2015-12-24-01-00-00,1450915200
0.0,2015-12-25-01-00-00,1451001600
0.0,2015-12-26-01-00-00,1451088000
0.0,2015-12-27-01-00-00,1451174400
0.0,2015-12-28-01-00-00,1451260800
0.0,2015-12-29-01-00-00,1451347200
0.0,2015-12-30-01-00-00,1451433600
0.0,2015-12-31-01-00-00,1451520000
0.0,2016-01-01-01-00-00,1451606400
0.0,2016-01-02-01-00-00,1451692800
0.0,2016-01-03-01-00-00,1451779200
0.0,2016-01-04-01-00-00,1451865600
0.0,2016-01-05-01-00-00,1451952000
0.0,2016-01-06-01-00-00,1452038400
0.0,2016-01-07-01-00-00,1452124800
0.0,2016-01-08-01-00-00,1452211200
0.0,2016-01-09-01-00-00,1452297600
0.0,2016-01-10-01-00-00,1452384000
0.0,2016-01-11-01-00-00,1452470400
0.0,2016-01-12-01-00-00,1452556800
0.0,2016-01-13-01-00-00,1452643200
0.0,2016-01-14-01-00-00,1452729600
0.0,2016-01-15-01-00-00,1452816000
0.0,2016-01-16-01-00-00,1452902400
0.0,2016-01-17-01-00-00,1452988800
0.0,2016-01-18-01-00-00,1453075200
0.0,2016-01-19-01-00-00,1453161600
0.0,2016-01-20-01-00-00,1453248000
0.0,2016-01-21-01-00-00,1453334400
0.0,2016-01-22-01-00-00,1453420800
0.0,2016-01-23-01-00-00,1453507200
0.0,2016-01-24-01-00-00,1453593600
0.0,2016-01-25-01-00-00,1453680000
0.0,2016-01-26-01-00-00,1453766400
0.0,2016-01-27-01-00-00,1453852800
0.0,2016-01-28-01-00-00,1453939200
0.0,2016-01-29-01-00-00,1454025600
0.0,2016-01-30-01-00-00,1454112000
0.0,2016-01-31-01-00-00,1454198400
0.0,2016-02-01-01-00-00,1454284800
0.0,2016-02-02-01-00-00,1454371200
0.0,2016-02-03-01-00-00,1454457600
0.0,2016-02-04-01-00-00,1454544000
0.0,2016-02-05-01-00-00,1454630400
0.0,2016-02-06-01-00-00,1454716800
0.0,2016-02-07-01-00-00,1454803200
0.0,2016-02-08-01-00-00,1454889600
0.0,2016-02-09-01-00-00,1454976000
0.0,2016-02-10-01-00-00,1455062400
0.0,2016-02-11-01-00-00,1455148800
0.0,2016-02-12-01-00-00,1455235200
0.0,2016-02-13-01-00-00,1455321600
0.0,2016-02-14-01-00-00,1455408000
0.0,2016-02-15-01-00-00,1455494400
0.0,2016-02-16-01-00-00,1455580800
0.0,2016-02-17-01-00-00,1455667200
0.0,2016-02-18-01-00-00,1455753600
0.0,2016-02-19-01-00-00,1455840000
0.0,2016-02-20-01-00-00,1455926400
0.0,2016-02-21-01-00-00,1456012800
0.0,2016-02-22-01-00-00,1456099200
0.0,2016-02-23-01-00-00,1456185600
0.0,2016-02-24-01-00-00,1456272000
0.0,2016-02-25-01-00-00,1456358400
0.0,2016-02-26-01-00-00,1456444800
0.0,2016-02-27-01-00-00,1456531200
0.0,2016-02-28-01-00-00,1456617600
0.0,2016-02-29-01-00-00,1456704000
0.0,2016-03-01-01-00-00,1456790400
0.0,2016-03-02-01-00-00,1456876800
0.0,2016-03-03-01-00-00,1456963200
0.0,2016-03-04-01-00-00,1457049600
0.0,2016-03-05-01-00-00,1457136000
0.0,2016-03-06-01-00-00,1457222400
0.0,2016-03-07-01-00-00,1457308800
0.0,2016-03-08-01-00-00,1457395200
0.0,2016-03-09-01-00-00,1457481600
0.0,2016-03-10-01-00-00,1457568000
0.0,2016-03-11-01-00-00,1457654400
0.0,2016-03-12-01-00-00,1457740800
0.0,2016-03-13-01-00-00,1457827200
0.0,2016-03-14-01-00-00,1457913600
0.0,2016-03-15-01-00-00,1458000000
0.0,2016-03-16-01-00-00,1458086400
0.0,2016-03-17-01-00-00,1458172800
0.0,2016-03-18-01-00-00,1458259200
0.0,2016-03-19-01-00-00,1458345600
0.0,2016-03-20-01-00-00,1458432000
0.0,2016-03-21-01-00-00,1458518400
0.0,2016-03-22-01-00-00,1458604800
0.0,2016-03-23-01-00-00,1458691200
0.0,2016-03-24-01-00-00,1458777600
0.0,2016-03-25-01-00-00,1458864000
0.0,2016-03-26-01-00-00,1458950400
0.0,2016-03-27-01-00-00,1459036800
0.0,2016-03-28-02-00-00,1459123200
0.0,2016-03-29-02-00-00,1459209600
0.0,2016-03-30-02-00-00,1459296000
0.0,2016-03-31-02-00-00,1459382400
0.0,2016-04-01-02-00-00,1459468800
0.0,2016-04-02-02-00-00,1459555200
0.0,2016-04-03-02-00-00,1459641600
0.0,2016-04-04-02-00-00,1459728000
0.0,2016-04-05-02-00-00,1459814400
0.0,2016-04-06-02-00-00,1459900800
0.0,2016-04-07-02-00-00,1459987200
0.0,2016-04-08-02-00-00,1460073600
0.0,2016-04-09-02-00-00,1460160000
0.0,2016-04-10-02-00-00,1460246400
0.0,2016-04-11-02-00-00,1460332800
0.0,2016-04-12-02-00-00,1460419200
0.0,2016-04-13-02-00-00,1460505600
0.0,2016-04-14-02-00-00,1460592000
0.0,2016-04-15-02-00-00,1460678400
0.0,2016-04-16-02-00-00,1460764800
0.0,2016-04-17-02-00-00,1460851200
0.0,2016-04-18-02-00-00,1460937600
0.0,2016-04-19-02-00-00,1461024000
0.0,2016-04-20-02-00-00,1461110400
0.0,2016-04-21-02-00-00,1461196800
0.0,2016-04-22-02-00-00,1461283200
0.0,2016-04-23-02-00-00,1461369600
0.0,2016-04-24-02-00-00,1461456000
0.0,2016-04-25-02-00-00,1461542400
0.0,2016-04-26-02-00-00,1461628800
0.0,2016-04-27-02-00-00,1461715200
0.0,2016-04-28-02-00-00,1461801600
0.0,2016-04-29-02-00-00,1461888000
0.0,2016-04-30-02-00-00,1461974400
0.0,2016-05-01-02-00-00,1462060800
0.0,2016-05-02-02-00-00,1462147200
0.0,2016-05-03-02-00-00,1462233600
0.0,2016-05-04-02-00-00,1462320000
0.0,2016-05-05-02-00-00,1462406400
0.0,2016-05-06-02-00-00,1462492800
0.0,2016-05-07-02-00-00,1462579200
0.0,2016-05-08-02-00-00,1462665600
0.0,2016-05-09-02-00-00,1462752000
0.0,2016-05-10-02-00-00,1462838400
0.0,2016-05-11-02-00-00,1462924800
0.0,2016-05-12-02-00-00,1463011200
0.0,2016-05-13-02-00-00,1463097600
0.0,2016-05-14-02-00-00,1463184000
0.0,2016-05-15-02-00-00,1463270400
0.0,2016-05-16-02-00-00,1463356800
0.0,2016-05-17-02-00-00,1463443200
0.0,2016-05-18-02-00-00,1463529600
0.0,2016-05-19-02-00-00,1463616000
0.0,2016-05-20-02-00-00,1463702400
0.0,2016-05-21-02-00-00,1463788800
0.0,2016-05-22-02-00-00,1463875200
0.0,2016-05-23-02-00-00,1463961600
0.0,2016-05-24-02-00-00,1464048000
0.0,2016-05-25-02-00-00,1464134400
0.0,2016-05-26-02-00-00,1464220800
0.0,2016-05-27-02-00-00,1464307200
0.0,2016-05-28-02-00-00,1464393600
0.0,2016-05-29-02-00-00,1464480000
0.0,2016-05-30-02-00-00,1464566400
0.0,2016-05-31-02-00-00,1464652800
0.0,2016-06-01-02-00-00,1464739200
0.0,2016-06-02-02-00-00,1464825600
0.0,2016-06-03-02-00-00,1464912000
0.0,2016-06-04-02-00-00,1464998400
0.0,2016-06-05-02-00-00,1465084800
0.0,2016-06-06-02-00-00,1465171200
0.0,2016-06-07-02-00-00,1465257600
0.0,2016-06-08-02-00-00,1465344000
0.0,2016-06-09-02-00-00,1465430400
0.0,2016-06-10-02-00-00,1465516800
0.0,2016-06-11-02-00-00,1465603200
0.0,2016-06-12-02-00-00,1465689600
0.0,2016-06-13-02-00-00,1465776000
0.0,2016-06-14-02-00-00,1465862400
0.0,2016-06-15-02-00-00,1465948800
0.0,2016-06-16-02-00-00,1466035200
0.0,2016-06-17-02-00-00,1466121600
0.0,2016-06-18-02-00-00,1466208000
0.0,2016-06-19-02-00-00,1466294400
0.0,2016-06-20-02-00-00,1466380800
0.0,2016-06-21-02-00-00,1466467200
0.0,2016-06-22-02-00-00,1466553600
0.0,2016-06-23-02-00-00,1466640000
0.0,2016-06-24-02-00-00,1466726400
0.0,2016-06-25-02-00-00,1466812800
0.0,2016-06-26-02-00-00,1466899200
0.0,2016-06-27-02-00-00,1466985600
0.0,2016-06-28-02-00-00,1467072000
0.0,2016-06-29-02-00-00,1467158400
0.0,2016-06-30-02-00-00,1467244800
0.0,2016-07-01-02-00-00,1467331200
0.0,2016-07-02-02-00-00,1467417600
0.0,2016-07-03-02-00-00,1467504000
0.0,2016-07-04-02-00-00,1467590400
0.0,2016-07-05-02-00-00,1467676800
0.0,2016-07-06-02-00-00,1467763200
0.0,2016-07-07-02-00-00,1467849600
0.0,2016-07-08-02-00-00,1467936000
0.0,2016-07-09-02-00-00,1468022400
0.0,2016-07-10-02-00-00,1468108800
0.0,2016-07-11-02-00-00,1468195200
0.0,2016-07-12-02-00-00,1468281600
0.0,2016-07-13-02-00-00,1468368000
0.0,2016-07-14-02-00-00,1468454400
0.0,2016-07-15-02-00-00,1468540800
0.0,2016-07-16-02-00-00,1468627200
0.0,2016-07-17-02-00-00,1468713600
0.0,2016-07-18-02-00-00,1468800000
0.0,2016-07-19-02-00-00,1468886400
0.0,2016-07-20-02-00-00,1468972800
0.0,2016-07-21-02-00-00,1469059200
0.0,2016-07-22-02-00-00,1469145600
0.0,2016-07-23-02-00-00,1469232000
0.0,2016-07-24-02-00-00,1469318400
0.0,2016-07-25-02-00-00,1469404800
0.0,2016-07-26-02-00-00,1469491200
0.0,2016-07-27-02-00-00,1469577600
0.0,2016-07-28-02-00-00,1469664000
0.0,2016-07-29-02-00-00,1469750400
0.0,2016-07-30-02-00-00,1469836800
0.0,2016-07-31-02-00-00,1469923200
0.0,2016-08-01-02-00-00,1470009600
0.0,2016-08-02-02-00-00,1470096000
0.0,2016-08-03-02-00-00,1470182400
0.0,2016-08-04-02-00-00,1470268800
0.0,2016-08-05-02-00-00,1470355200
0.0,2016-08-06-02-00-00,1470441600
0.0,2016-08-07-02-00-00,1470528000
0.0,2016-08-08-02-00-00,1470614400
0.0,2016-08-09-02-00-00,1470700800
0.0,2016-08-10-02-00-00,1470787200
0.0,2016-08-11-02-00-00,1470873600
0.0,2016-08-12-02-00-00,1470960000
0.0,2016-08-13-02-00-00,1471046400
0.0,2016-08-14-02-00-00,1471132800
0.0,2016-08-15-02-00-00,1471219200
0.0,2016-08-16-02-00-00,1471305600
0.0,2016-08-17-02-00-00,1471392000
0.0,2016-08-18-02-00-00,1471478400
0.0,2016-08-19-02-00-00,1471564800
0.0,2016-08-20-02-00-00,1471651200
0.0,2016-08-21-02-00-00,1471737600
0.0,2016-08-22-02-00-00,1471824000
0.0,2016-08-23-02-00-00,1471910400
0.0,2016-08-24-02-00-00,1471996800
0.0,2016-08-25-02-00-00,1472083200
0.0,2016-08-26-02-00-00,1472169600
0.0,2016-08-27-02-00-00,1472256000
0.0,2016-08-28-02-00-00,1472342400
0.0,2016-08-29-02-00-00,1472428800
0.0,2016-08-30-02-00-00,1472515200
0.0,2016-08-31-02-00-00,1472601600
0.0,2016-09-01-02-00-00,1472688000
0.0,2016-09-02-02-00-00,1472774400
0.0,2016-09-03-02-00-00,1472860800
0.0,2016-09-04-02-00-00,1472947200
0.0,2016-09-05-02-00-00,1473033600
0.0,2016-09-06-02-00-00,1473120000
0.0,2016-09-07-02-00-00,1473206400
0.0,2016-09-08-02-00-00,1473292800
0.0,2016-09-09-02-00-00,1473379200
0.0,2016-09-10-02-00-00,1473465600
0.0,2016-09-11-02-00-00,1473552000
0.0,2016-09-12-02-00-00,1473638400
0.0,2016-09-13-02-00-00,1473724800
0.0,2016-09-14-02-00-00,1473811200
0.0,2016-09-15-02-00-00,1473897600
0.0,2016-09-16-02-00-00,1473984000
0.0,2016-09-17-02-00-00,1474070400
0.0,2016-09-18-02-00-00,1474156800
0.0,2016-09-19-02-00-00,1474243200
0.0,2016-09-20-02-00-00,1474329600
0.0,2016-09-21-02-00-00,1474416000
0.0,2016-09-22-02-00-00,1474502400
0.0,2016-09-23-02-00-00,1474588800
0.0,2016-09-24-02-00-00,1474675200
0.0,2016-09-25-02-00-00,1474761600
0.0,2016-09-26-02-00-00,1474848000
0.0,2016-09-27-02-00-00,1474934400
0.0,2016-09-28-02-00-00,1475020800
0.0,2016-09-29-02-00-00,1475107200
0.0,2016-09-30-02-00-00,1475193600
0.0,2016-10-01-02-00-00,1475280000
0.0,2016-10-02-02-00-00,1475366400
0.0,2016-10-03-02-00-00,1475452800
0.0,2016-10-04-02-00-00,1475539200
0.0,2016-10-05-02-00-00,1475625600
0.0,2016-10-06-02-00-00,1475712000
0.0,2016-10-07-02-00-00,1475798400
0.0,2016-10-08-02-00-00,1475884800
0.0,2016-10-09-02-00-00,1475971200
0.0,2016-10-10-02-00-00,1476057600
0.0,2016-10-11-02-00-00,1476144000
0.0,2016-10-12-02-00-00,1476230400
0.0,2016-10-13-02-00-00,1476316800
0.0,2016-10-14-02-00-00,1476403200
0.0,2016-10-15-02-00-00,1476489600
0.0,2016-10-16-02-00-00,1476576000
0.0,2016-10-17-02-00-00,1476662400
0.0,2016-10-18-02-00-00,1476748800
0.0,2016-10-19-02-00-00,1476835200
0.0,2016-10-20-02-00-00,1476921600
0.0,2016-10-21-02-00-00,1477008000
0.0,2016-10-22-02-00-00,1477094400
0.0,2016-10-23-02-00-00,1477180800
0.0,2016-10-24-02-00-00,1477267200
0.0,2016-10-25-02-00-00,1477353600
0.0,2016-10-26-02-00-00,1477440000
0.0,2016-10-27-02-00-00,1477526400
0.0,2016-10-28-02-00-00,1477612800
0.0,2016-10-29-02-00-00,1477699200
0.0,2016-10-30-02-00-00,1477785600
0.0,2016-10-31-01-00-00,1477872000
0.0,2016-11-01-01-00-00,1477958400
0.0,2016-11-02-01-00-00,1478044800
0.0,2016-11-03-01-00-00,1478131200
0.0,2016-11-04-01-00-00,1478217600
0.0,2016-11-05-01-00-00,1478304000
0.0,2016-11-06-01-00-00,1478390400
0.0,2016-11-07-01-00-00,1478476800
0.0,2016-11-08-01-00-00,1478563200
0.0,2016-11-09-01-00-00,1478649600
0.0,2016-11-10-01-00-00,1478736000
0.0,2016-11-11-01-00-00,1478822400
0.0,2016-11-12-01-00-00,1478908800
0.0,2016-11-13-01-00-00,1478995200
0.0,2016-11-14-01-00-00,1479081600
0.0,2016-11-15-01-00-00,1479168000
0.0,2016-11-16-01-00-00,1479254400
0.0,2016-11-17-01-00-00,1479340800
0.0,2016-11-18-01-00-00,1479427200
0.0,2016-11-19-01-00-00,1479513600
0.0,2016-11-20-01-00-00,1479600000
0.0,2016-11-21-01-00-00,1479686400
0.0,2016-11-22-01-00-00,1479772800
0.0,2016-11-23-01-00-00,1479859200
0.0,2016-11-24-01-00-00,1479945600
0.0,2016-11-25-01-00-00,1480032000
0.0,2016-11-26-01-00-00,1480118400
0.0,2016-11-27-01-00-00,1480204800
0.0,2016-11-28-01-00-00,1480291200
0.0,2016-11-29-01-00-00,1480377600
0.0,2016-11-30-01-00-00,1480464000
0.0,2016-12-01-01-00-00,1480550400
0.0,2016-12-02-01-00-00,1480636800
0.0,2016-12-03-01-00-00,1480723200
0.0,2016-12-04-01-00-00,1480809600
0.0,2016-12-05-01-00-00,1480896000
0.0,2016-12-06-01-00-00,1480982400
0.0,2016-12-07-01-00-00,1481068800
0.0,2016-12-08-01-00-00,1481155200
0.0,2016-12-09-01-00-00,1481241600
0.0,2016-12-10-01-00-00,1481328000
0.0,2016-12-11-01-00-00,1481414400
0.0,2016-12-12-01-00-00,1481500800
0.0,2016-12-13-01-00-00,1481587200
0.0,2016-12-14-01-00-00,1481673600
0.0,2016-12-15-01-00-00,1481760000
0.0,2016-12-16-01-00-00,1481846400
0.0,2016-12-17-01-00-00,1481932800
0.0,2016-12-18-01-00-00,1482019200
0.0,2016-12-19-01-00-00,1482105600
0.0,2016-12-20-01-00-00,1482192000
0.0,2016-12-21-01-00-00,1482278400
0.0,2016-12-22-01-00-00,1482364800
0.0,2016-12-23-01-00-00,1482451200
0.0,2016-12-24-01-00-00,1482537600
0.0,2016-12-25-01-00-00,1482624000
0.0,2016-12-26-01-00-00,1482710400
0.0,2016-12-27-01-00-00,1482796800
0.0,2016-12-28-01-00-00,1482883200
0.0,2016-12-29-01-00-00,1482969600
0.0,2016-12-30-01-00-00,1483056000
0.0,2016-12-31-01-00-00,1483142400
0.0,2017-01-01-01-00-00,1483228800
0.0,2017-01-02-01-00-00,1483315200
0.0,2017-01-03-01-00-00,1483401600
0.0,2017-01-04-01-00-00,1483488000
0.0,2017-01-05-01-00-00,1483574400
0.0,2017-01-06-01-00-00,1483660800
0.0,2017-01-07-01-00-00,1483747200
0.0,2017-01-08-01-00-00,1483833600
0.0,2017-01-09-01-00-00,1483920000
0.0,2017-01-10-01-00-00,1484006400
0.0,2017-01-11-01-00-00,1484092800
0.0,2017-01-12-01-00-00,1484179200
0.0,2017-01-13-01-00-00,1484265600
0.0,2017-01-14-01-00-00,1484352000
0.0,2017-01-15-01-00-00,1484438400
0.0,2017-01-16-01-00-00,1484524800
0.0,2017-01-17-01-00-00,1484611200
0.0,2017-01-18-01-00-00,1484697600
0.0,2017-01-19-01-00-00,1484784000
0.0,2017-01-20-01-00-00,1484870400
0.0,2017-01-21-01-00-00,1484956800
0.0,2017-01-22-01-00-00,1485043200
0.0,2017-01-23-01-00-00,1485129600
0.0,2017-01-24-01-00-00,1485216000
0.0,2017-01-25-01-00-00,1485302400
0.0,2017-01-26-01-00-00,1485388800
0.0,2017-01-27-01-00-00,1485475200
0.0,2017-01-28-01-00-00,1485561600
0.0,2017-01-29-01-00-00,1485648000
0.0,2017-01-30-01-00-00,1485734400
0.0,2017-01-31-01-00-00,1485820800
0.0,2017-02-01-01-00-00,1485907200
0.0,2017-02-02-01-00-00,1485993600
0.0,2017-02-03-01-00-00,1486080000
0.0,2017-02-04-01-00-00,1486166400
0.0,2017-02-05-01-00-00,1486252800
0.0,2017-02-06-01-00-00,1486339200
0.0,2017-02-07-01-00-00,1486425600
0.0,2017-02-08-01-00-00,1486512000
0.0,2017-02-09-01-00-00,1486598400
0.0,2017-02-10-01-00-00,1486684800
0.0,2017-02-11-01-00-00,1486771200
0.0,2017-02-12-01-00-00,1486857600
0.0,2017-02-13-01-00-00,1486944000
0.0,2017-02-14-01-00-00,1487030400
0.0,2017-02-15-01-00-00,1487116800
0.0,2017-02-16-01-00-00,1487203200
0.0,2017-02-17-01-00-00,1487289600
0.0,2017-02-18-01-00-00,1487376000
0.0,2017-02-19-01-00-00,1487462400
0.0,2017-02-20-01-00-00,1487548800
0.0,2017-02-21-01-00-00,1487635200
0.0,2017-02-22-01-00-00,1487721600
0.0,2017-02-23-01-00-00,1487808000
0.0,2017-02-24-01-00-00,1487894400
0.0,2017-02-25-01-00-00,1487980800
0.0,2017-02-26-01-00-00,1488067200
0.0,2017-02-27-01-00-00,1488153600
0.0,2017-02-28-01-00-00,1488240000
0.0,2017-03-01-01-00-00,1488326400
0.0,2017-03-02-01-00-00,1488412800
0.0,2017-03-03-01-00-00,1488499200
0.0,2017-03-04-01-00-00,1488585600
0.0,2017-03-05-01-00-00,1488672000
0.0,2017-03-06-01-00-00,1488758400
0.0,2017-03-07-01-00-00,1488844800
0.0,2017-03-08-01-00-00,1488931200
0.0,2017-03-09-01-00-00,1489017600
0.0,2017-03-10-01-00-00,1489104000
0.0,2017-03-11-01-00-00,1489190400
0.0,2017-03-12-01-00-00,1489276800
0.0,2017-03-13-01-00-00,1489363200
0.0,2017-03-14-01-00-00,1489449600
0.0,2017-03-15-01-00-00,1489536000
0.0,2017-03-16-01-00-00,1489622400
0.0,2017-03-17-01-00-00,1489708800
0.0,2017-03-18-01-00-00,1489795200
0.0,2017-03-19-01-00-00,1489881600
0.0,2017-03-20-01-00-00,1489968000
0.0,2017-03-21-01-00-00,1490054400
0.0,2017-03-22-01-00-00,1490140800
0.0,2017-03-23-01-00-00,1490227200
0.0,2017-03-24-01-00-00,1490313600
0.0,2017-03-25-01-00-00,1490400000
0.0,2017-03-26-01-00-00,1490486400
0.0,2017-03-27-02-00-00,1490572800
0.0,2017-03-28-02-00-00,1490659200
0.0,2017-03-29-02-00-00,1490745600
0.0,2017-03-30-02-00-00,1490832000
0.0,2017-03-31-02-00-00,1490918400
0.0,2017-04-01-02-00-00,1491004800
0.0,2017-04-02-02-00-00,1491091200
0.0,2017-04-03-02-00-00,1491177600
0.0,2017-04-04-02-00-00,1491264000
0.0,2017-04-05-02-00-00,1491350400
0.0,2017-04-06-02-00-00,1491436800
0.0,2017-04-07-02-00-00,1491523200
0.0,2017-04-08-02-00-00,1491609600
0.0,2017-04-09-02-00-00,1491696000
0.0,2017-04-10-02-00-00,1491782400
0.0,2017-04-11-02-00-00,1491868800
0.0,2017-04-12-02-00-00,1491955200
0.0,2017-04-13-02-00-00,1492041600
0.0,2017-04-14-02-00-00,1492128000
0.0,2017-04-15-02-00-00,1492214400
0.0,2017-04-16-02-00-00,1492300800
0.0,2017-04-17-02-00-00,1492387200
0.0,2017-04-18-02-00-00,1492473600
0.0,2017-04-19-02-00-00,1492560000
0.0,2017-04-20-02-00-00,1492646400
0.0,2017-04-21-02-00-00,1492732800
0.0,2017-04-22-02-00-00,1492819200
0.0,2017-04-23-02-00-00,1492905600
0.0,2017-04-24-02-00-00,1492992000
0.0,2017-04-25-02-00-00,1493078400
0.0,2017-04-26-02-00-00,1493164800
0.0,2017-04-27-02-00-00,1493251200
0.0,2017-04-28-02-00-00,1493337600
0.0,2017-04-29-02-00-00,1493424000
0.0,2017-04-30-02-00-00,1493510400
0.0,2017-05-01-02-00-00,1493596800
0.0,2017-05-02-02-00-00,1493683200
0.0,2017-05-03-02-00-00,1493769600
0.0,2017-05-04-02-00-00,1493856000
0.0,2017-05-05-02-00-00,1493942400
0.0,2017-05-06-02-00-00,1494028800
0.0,2017-05-07-02-00-00,1494115200
0.0,2017-05-08-02-00-00,1494201600
0.0,2017-05-09-02-00-00,1494288000
0.0,2017-05-10-02-00-00,1494374400
0.0,2017-05-11-02-00-00,1494460800
0.0,2017-05-12-02-00-00,1494547200
0.0,2017-05-13-02-00-00,1494633600
0.0,2017-05-14-02-00-00,1494720000
0.0,2017-05-15-02-00-00,1494806400
0.0,2017-05-16-02-00-00,1494892800
0.0,2017-05-17-02-00-00,1494979200
0.0,2017-05-18-02-00-00,1495065600
0.0,2017-05-19-02-00-00,1495152000
0.0,2017-05-20-02-00-00,1495238400
0.0,2017-05-21-02-00-00,1495324800
0.0,2017-05-22-02-00-00,1495411200
0.0,2017-05-23-02-00-00,1495497600
0.0,2017-05-24-02-00-00,1495584000
0.0,2017-05-25-02-00-00,1495670400
0.0,2017-05-26-02-00-00,1495756800
0.0,2017-05-27-02-00-00,1495843200
0.0,2017-05-28-02-00-00,1495929600
0.0,2017-05-29-02-00-00,1496016000
0.0,2017-05-30-02-00-00,1496102400
0.0,2017-05-31-02-00-00,1496188800
0.0,2017-06-01-02-00-00,1496275200
0.0,2017-06-02-02-00-00,1496361600
0.0,2017-06-03-02-00-00,1496448000
0.0,2017-06-04-02-00-00,1496534400
0.0,2017-06-05-02-00-00,1496620800
0.0,2017-06-06-02-00-00,1496707200
0.0,2017-06-07-02-00-00,1496793600
0.0,2017-06-08-02-00-00,1496880000
0.0,2017-06-09-02-00-00,1496966400
0.0,2017-06-10-02-00-00,1497052800
0.0,2017-06-11-02-00-00,1497139200
0.0,2017-06-12-02-00-00,1497225600
0.0,2017-06-13-02-00-00,1497312000
0.0,2017-06-14-02-00-00,1497398400
0.0,2017-06-15-02-00-00,1497484800
0.0,2017-06-16-02-00-00,1497571200
0.0,2017-06-17-02-00-00,1497657600
0.0,2017-06-18-02-00-00,1497744000
0.0,2017-06-19-02-00-00,1497830400
0.0,2017-06-20-02-00-00,1497916800
0.0,2017-06-21-02-00-00,1498003200
0.0,2017-06-22-02-00-00,1498089600
0.0,2017-06-23-02-00-00,1498176000
0.0,2017-06-24-02-00-00,1498262400
0.0,2017-06-25-02-00-00,1498348800
0.0,2017-06-26-02-00-00,1498435200
0.0,2017-06-27-02-00-00,1498521600
0.0,2017-06-28-02-00-00,1498608000
0.0,2017-06-29-02-00-00,1498694400
0.0,2017-06-30-02-00-00,1498780800
0.0,2017-07-01-02-00-00,1498867200
0.0,2017-07-02-02-00-00,1498953600
0.0,2017-07-03-02-00-00,1499040000
0.0,2017-07-04-02-00-00,1499126400
0.0,2017-07-05-02-00-00,1499212800
0.0,2017-07-06-02-00-00,1499299200
0.0,2017-07-07-02-00-00,1499385600
0.0,2017-07-08-02-00-00,1499472000
0.0,2017-07-09-02-00-00,1499558400
0.0,2017-07-10-02-00-00,1499644800
0.0,2017-07-11-02-00-00,1499731200
0.0,2017-07-12-02-00-00,1499817600
0.0,2017-07-13-02-00-00,1499904000
0.0,2017-07-14-02-00-00,1499990400
0.0,2017-07-15-02-00-00,1500076800
0.0,2017-07-16-02-00-00,1500163200
0.0,2017-07-17-02-00-00,1500249600
0.0,2017-07-18-02-00-00,1500336000
0.0,2017-07-19-02-00-00,1500422400
0.0,2017-07-20-02-00-00,1500508800
0.0,2017-07-21-02-00-00,1500595200
0.0,2017-07-22-02-00-00,1500681600
0.0,2017-07-23-02-00-00,1500768000
0.0,2017-07-24-02-00-00,1500854400
0.0,2017-07-25-02-00-00,1500940800
0.0,2017-07-26-02-00-00,1501027200
0.0,2017-07-27-02-00-00,1501113600
0.0,2017-07-28-02-00-00,1501200000
0.0,2017-07-29-02-00-00,1501286400
0.0,2017-07-30-02-00-00,1501372800
0.0,2017-07-31-02-00-00,1501459200
0.0,2017-08-01-02-00-00,1501545600
415.0,2017-08-02-02-00-00,1501632000
341.0,2017-08-03-02-00-00,1501718400
240.01,2017-08-04-02-00-00,1501804800
211.0,2017-08-05-02-00-00,1501891200
237.0,2017-08-06-02-00-00,1501977600
272.01,2017-08-07-02-00-00,1502064000
296.14,2017-08-08-02-00-00,1502150400
258.0,2017-08-09-02-00-00,1502236800
236.28,2017-08-10-02-00-00,1502323200
278.1,2017-08-11-02-00-00,1502409600
270.0,2017-08-12-02-00-00,1502496000
252.51,2017-08-13-02-00-00,1502582400
257.0,2017-08-14-02-00-00,1502668800
252.8,2017-08-15-02-00-00,1502755200
254.33,2017-08-16-02-00-00,1502841600
371.5,2017-08-17-02-00-00,1502928000
595.0,2017-08-18-02-00-00,1503014400
625.0,2017-08-19-02-00-00,1503100800
613.03,2017-08-20-02-00-00,1503187200
508.0,2017-08-21-02-00-00,1503273600
581.06,2017-08-22-02-00-00,1503360000
582.0,2017-08-23-02-00-00,1503446400
528.13,2017-08-24-02-00-00,1503532800
534.3,2017-08-25-02-00-00,1503619200
521.8,2017-08-26-02-00-00,1503705600
518.5,2017-08-27-02-00-00,1503792000
493.66,2017-08-28-02-00-00,1503878400
453.0,2017-08-29-02-00-00,1503964800
483.63,2017-08-30-02-00-00,1504051200
498.05,2017-08-31-02-00-00,1504137600
532.28,2017-09-01-02-00-00,1504224000
489.6,2017-09-02-02-00-00,1504310400
517.0,2017-09-03-02-00-00,1504396800
446.0,2017-09-04-02-00-00,1504483200
474.0,2017-09-05-02-00-00,1504569600
551.6,2017-09-06-02-00-00,1504656000
561.7,2017-09-07-02-00-00,1504742400
515.1,2017-09-08-02-00-00,1504828800
502.2,2017-09-09-02-00-00,1504915200
471.7,2017-09-10-02-00-00,1505001600
471.4,2017-09-11-02-00-00,1505088000
449.6,2017-09-12-02-00-00,1505174400
425.4,2017-09-13-02-00-00,1505260800
327.7,2017-09-14-02-00-00,1505347200
368.5,2017-09-15-02-00-00,1505433600
376.0,2017-09-16-02-00-00,1505520000
371.2,2017-09-17-02-00-00,1505606400
409.9,2017-09-18-02-00-00,1505692800
444.4,2017-09-19-02-00-00,1505779200
400.8,2017-09-20-02-00-00,1505865600
352.4,2017-09-21-02-00-00,1505952000
346.0,2017-09-22-02-00-00,1506038400
360.0,2017-09-23-02-00-00,1506124800
356.4,2017-09-24-02-00-00,1506211200
379.4,2017-09-25-02-00-00,1506297600
377.3,2017-09-26-02-00-00,1506384000
392.4,2017-09-27-02-00-00,1506470400
388.2,2017-09-28-02-00-00,1506556800
370.6,2017-09-29-02-00-00,1506643200
365.4,2017-09-30-02-00-00,1506729600
350.5,2017-10-01-02-00-00,1506816000
353.7,2017-10-02-02-00-00,1506902400
341.9,2017-10-03-02-00-00,1506988800
303.1,2017-10-04-02-00-00,1507075200
302.8,2017-10-05-02-00-00,1507161600
308.3,2017-10-06-02-00-00,1507248000
305.3,2017-10-07-02-00-00,1507334400
289.0,2017-10-08-02-00-00,1507420800
264.7,2017-10-09-02-00-00,1507507200
268.0,2017-10-10-02-00-00,1507593600
264.5,2017-10-11-02-00-00,1507680000
259.2,2017-10-12-02-00-00,1507766400
267.1,2017-10-13-02-00-00,1507852800
269.1,2017-10-14-02-00-00,1507939200
263.1,2017-10-15-02-00-00,1508025600
264.2,2017-10-16-02-00-00,1508112000
313.65,2017-10-17-02-00-00,1508198400
289.5,2017-10-18-02-00-00,1508284800
278.84,2017-10-19-02-00-00,1508371200
